#,include,lang,id,spice,skip,doubt,complex,language,script,term,script alt,term alt,IPA,literal,meaning_id,meaning,explanation,remark,etymons,cognates,derivates,compare,note,loanword,donor,century,date,period,based on,att page,attested,att link,source page,source,source link,ref page,reference,ref link,ref page2,reference2,ref link2,done,Unnamed: 43,Unnamed: 44,Unnamed: 45
1.0,no,la,tester,test,,,,Language A,—Ç–µ—Å—Ç,test,–∞–ª—Ç,altest,t…õst,literal1,meaning1,meaning1,explanation1,remark1,Latin *testum*,cognates1,derivates1,,note1,yes,,14,c. 1300,,,,,,1,oed,https://www.oed.com/view/Entry/199677,test1,oed,https://www.oed.com/view/Entry/199677,,,,,,,
2.0,no,la,tester,,,,,Language B,—Ç–µ—Å—Ç–µ—Ä,tester,–∞–ª—Ç–µ,altester,Ààt…õst…ô,literal2,id.,meaning2,explanation2,,,cognates2,,,,,yes,12,,,,,,,2-3,wehr_dictionary_1976,https://www.oed.com/view/Entry/199677,test2,oed,https://www.oed.com/view/Entry/199677,,,,,,,
3.0,no,la,tester,,,,,Language C,—Ç–µ—Å—Ç–∏–Ω–≥,testing,–∞–ª—Ç—É–º,altesting,Ààt…õst…™≈ã,literal3,id.,meaning3,,remark3,,,derivates3,,note3,,,-9,,,,,,,4;5,wehr_dictionary_1976;liddell_greekenglish_1940,,test3,oed,https://www.oed.com/view/Entry/199677,,,,,,,
4.0,no,la,tester,,,,,Language D,—Ç–µ—Å—Ç–µ,teste,–∞–ª—Ça,alta,Ààalt…ô,literal4,meaning4,meaning4,explanation4,remark4,,cognates4,derivates4,,note4,,,-6,c. -600,,,,,,6;;7,wehr_dictionary_1976;lewis_latin_1879;liddell_greekenglish_1940,,test4,oed,,,,,,,,
,,,,,,,,,,,,,,,,,,,,,,,,,,,,,,,,,,,,,,,,,,,,,
1.0,yes,en,allspice,allspice,,,,English,,allspice,,,,,,,"from *all* + *spice*; after the flavor profile that resembles the combined aroma of cloves, nutmeg, cinnamon, and black pepper",,,,,,"Etymology: < French anis < Latin anƒ´sum , < Greek ·ºÑŒΩ·øëœÉŒøŒΩ , in var. dialect forms ·ºÑŒΩŒ∑œÉŒøŒΩ , ·ºÑŒΩŒ∑Œ∏ŒøŒΩ , ·ºÑŒΩŒ∑œÑŒøŒΩ , under which the Greeks seem to have included the two plants Anise and Dill. When these were discriminated, the variants anƒ´sum and anƒìthum were utilized in Latin to distinguish them",no,,17,1621,,,,,,allspice,oed,https://www.oed.com/view/Entry/5494,,oed,https://www.oed.com/view/Entry/5494,,OE,https://www.etymonline.com/word/allspice#etymonline_v_8186,yes,,,
,,,,,,,,,,,,,,,,,,,,,,,,,,,,,,,,,,,,,,,,,,,,,
1.0,yes,ar,fulful ifranji,allspice,,,,Arabic,ŸÅŸÑŸÅŸÑ ÿ•ŸÅÿ±ŸÜÿ¨Ÿä,fulful ifranjƒ´,,,,European pepper,allspice,allspice,"literally `Frankish pepper', named so because it was transmitted by Europeans",,,,,,,no,,18?,1700?,Early Modern,,,,,,baalbaki_-mawrid_1995,,,,,,,,yes,,,
,,,,,,,,,,,,,,,,,,,,,,,,,,,,,,,,,,,,,,,,,,,,,
1.0,yes,zh,duoxiangguo,allspice,,,,Mandarin Chinese,Â§öÈ¶ôÊûú,du≈çxiƒÅnggu«í,,,,many-spice-fruit,allspice,allspice,maybe inspired by a foreign name,,,,,,,no,,20?,20?,Modern,,,?,,,mdbg,,,,,,,,yes,,,
,,,,,,,,,,,,,,,,,,,,,,,,,,,,,,,,,,,,,,,,,,,,,
1.0,yes,en,pimento,,,,,English,,pimento,,,,,allspice; sweet pepper,allspice; sweet pepper,,,,,,,,yes,,17,c. 1660,,,,,,pimento,oed,https://www.oed.com/view/Entry/143999?,pimento,oed,https://www.oed.com/view/Entry/143999?,,OE,https://www.etymonline.com/word/pimento#etymonline_v_14997,yes,,,
2.0,yes,en,pimento,,,,partly,Portuguese,,pimenta,,more fully \textit{pimenta da Jamaica},,,allspice; sweet pepper; black pepper,allspice; sweet pepper; black pepper,,,,,,,,,yes,15,,,,,,,pimento,oed,https://www.oed.com/view/Entry/143999?,pimento,oed,https://www.oed.com/view/Entry/143999?,,,,yes,,,
3.0,yes,en,pimento,,,,and partly,Spanish,,pimiento,,,,,hot and sweet pepper; formerly also black pepper; pepper plant of both kinds,hot and sweet pepper; formerly also black pepper; pepper plant of both kinds,earlier \textit{pimienta} `black pepper; peppercorn; ground pepper' \nth{13} c.,,,,,,,,yes,15,1495,,,,,,pimiento,oed,https://www.oed.com/view/Entry/144002?,pimiento,DLE,https://dle.rae.es/pimienta?m=form,,DLE,https://dle.rae.es/pimiento?m=form,yes,,,
4.0,yes,en,pimento,,,,,Medieval Latin,,pigmenta,,,,,plant juice; food seasoning; condiment; spices; perfumes,plant juice; food seasoning; condiment; spices; perfumes,plural of \textit{pigmentum},,,,,,,,,9,9,,,,,,,[415]{gomez_de_silva_elseviers_1985}[495]{corominas_breve_1987},,,LS,http://www.perseus.tufts.edu/hopper/text?doc=Perseus%3Atext%3A1999.04.0059%3Aentry%3Dpigmentum,,,,yes,,,
5.0,yes,en,pimento,,,,,Latin,,pigmentum,,,,,"colour, paint; ointment; drug; spiced wine","colour, paint; ointment; drug; spiced wine",from \textit{ping≈ç} `to paint' + \textit{-mentum} `instrument',,,,,,,,,1,1,,,,,,pigmentum,lewis_latin_1879,http://www.perseus.tufts.edu/hopper/text?doc=Perseus%3Atext%3A1999.04.0059%3Aentry%3Dpigmentum,,LS,http://www.perseus.tufts.edu/hopper/text?doc=Perseus%3Atext%3A1999.04.0059%3Aentry%3Dpigmentum,,,,yes,,,
,,,,,,,,,,,,,,,,,,,,,,,,,,,,,,,,,,,,,,,,,,,,,
1.0,yes,en,anise,,,,,English,,anise,,,,,,,,,,,,,,yes,,14,c. 1325,,,,,,,[anise]{oed}[anise]{ahd},https://www.oed.com/view/Entry/7811,,oed,https://www.oed.com/view/Entry/7811?,,OE,https://www.etymonline.com/word/anise,yes,,,
2.0,yes,en,anise,,,,,French,,anis,,,,,id.,anise,,,,,,,,yes,yes,13,1236,,,,,,anis,tlfi,https://www.cnrtl.fr/etymologie/anis,,tlfi,https://www.cnrtl.fr/etymologie/anis,,,,yes,,,
3.0,yes,en,anise,,,,,Latin,,anƒ´sum,,,,,id.,anise,,dill is \textit{anƒìthum},,,,,,yes,yes,1,1,,,,,,,lewis_latin_1879,http://www.perseus.tufts.edu/hopper/text?doc=Perseus%3Atext%3A1999.04.0059%3Aentry%3Danisum,,lewis_latin_1879,http://www.perseus.tufts.edu/hopper/text?doc=Perseus%3Atext%3A1999.04.0059%3Aentry%3Danisum,,LS,http://www.perseus.tufts.edu/hopper/text?doc=Perseus%3Atext%3A1999.04.0059%3Aentry%3Danethum,yes,,,
4.0,yes,en,anise,,,,,Ancient Greek,·ºÑŒΩŒπœÉŒøŒΩ,√°nison,·ºÑŒΩŒ∑Œ∏ŒøŒΩ; ·ºÑŒΩŒ∑œÉŒøŒΩ; ·ºÑŒΩŒ∑œÑŒøŒΩ,√°nƒìthon; √°nƒìson; √°nƒìton,,,anise; dill,anise; dill,"and other Greek dialectal variants, e.g.: \textit{√°nƒìthon}; included both plants, only later distinguished",probaby of substrate origin,,,,,,yes,yes,-5,-5,,,,,,,liddell_greekenglish_1940,http://www.perseus.tufts.edu/hopper/text?doc=Perseus:text:1999.04.0057:entry=a)/nnhson,,liddell_greek-english_1940,http://www.perseus.tufts.edu/hopper/text?doc=Perseus:text:1999.04.0057:entry=a)/nnhson,,LSJ,http://www.perseus.tufts.edu/hopper/text?doc=Perseus%3Atext%3A1999.04.0057%3Aentry%3Da)%2Fnhqon,yes,,,
5.0,yes,en,anise,,,yes,,Egyptian (Ancient),,jnst,,,,,"a medicinal, edible plant (probably anise)","a medicinal, edible plant (probably anise)",,,,,,,,,yes,-17,-17,Middle Kingdom,,,,,,[99]{erman_worterbuch_1926}[240]{hemmerdinger_noms_1968},,,ahd,https://www.ahdictionary.com/word/search.html?q=anise,,Wiki,https://en.wiktionary.org/wiki/jnst#Egyptian,yes,,,
,,,,,,,,,,,,,,,,,,,,,,,,,,,,,,,,,,,,,,,,,,,,,
1.0,yes,ar,anisun,,,,,Arabic,ÿ£ŸÜŸäÿ≥ŸàŸÜ,anƒ´s≈´n,ŸäÿßŸÜÿ≥ŸàŸÜ,yƒÅns≈´n,,,anise,anise,,later assimilated as \ar{ŸäÿßŸÜÿ≥ŸàŸÜ} \textit{yƒÅns≈´n},,,,,,yes,,8,a. 791,,KSUCCA,,,,,wehr_dictionary_1976,,,,,,,,yes,,,
2.0,yes,ar,anisun,,,,,Ancient Greek,·ºÑŒΩŒπœÉŒøŒΩ,√°nison,·ºÑŒΩŒ∑Œ∏ŒøŒΩ; ·ºÑŒΩŒ∑œÉŒøŒΩ; ·ºÑŒΩŒ∑œÑŒøŒΩ,√°nƒìthon; √°nƒìson; √°nƒìton,,,anise; dill,anise; dill,"and other Greek dialectal variants, e.g.: \textit{√°nƒìthon}; included both plants, only later distinguished",probaby of substrate origin,,,,,,yes,yes,-5,,,,,,,,liddell_greekenglish_1940,,,liddell_greek-english_1940,http://www.perseus.tufts.edu/hopper/text?doc=Perseus:text:1999.04.0057:entry=a)/nnhson,,LSJ,http://www.perseus.tufts.edu/hopper/text?doc=Perseus%3Atext%3A1999.04.0057%3Aentry%3Da)%2Fnhqon,yes,,,
3.0,yes,ar,anisun,,,yes,,Egyptian (Ancient),,jnst,,,,,"a medicinal, edible plant (probably anise)","a medicinal, edible plant (probably anise)",,,,,,,,,yes,-17,c2030-1650 BC,Middle Kingdom,,,,,,[99]{erman_worterbuch_1926}[240]{hemmerdinger_noms_1968},,,ahd,https://www.ahdictionary.com/word/search.html?q=anise,,Wiki,https://en.wiktionary.org/wiki/jnst#Egyptian,yes,,,
,,,,,,,,,,,,,,,,,,,,,,,,,,,,,,,,,,,,,,,,,,,,,
1.0,yes,zh,huiqin,,,,,Mandarin Chinese,Ëå¥Ëäπ,hu√≠q√≠n,,,,hui-celery,anise,anise,from \textit{hui} `anise/fennel' + \textit{qin} `celery',"Ëå¥ \textit{hu√≠} could be interpreted as `Muslim spice', see Ëå¥È¶ô \textit{hu√≠xiƒÅng} `fennel'",,,,,,,,19,1841,Modern,Books,,,https://books.google.com.hk/books?id=I46RwQP667QC&pg=PA715&dq=%22%E8%8C%B4%E8%8A%B9%22&hl=en&sa=X&ved=2ahUKEwiZm5mBmJb5AhUF_mEKHdTADd8Q6AF6BAgEEAI#v=onepage&q=%22%E8%8C%B4%E8%8A%B9%22&f=false,,kleeman_oxford_2010;hu_food_2005,,,,,,,,yes,,,
,,,,,,,,,,,,,,,,,,,,,,,,,,,,,,,,,,,,,,,,,,,,,
1.0,yes,en,asafoetida,,,,,English,,asafoetida,,assaf≈ìtida,,,,,,,,,,,,yes,,14,a. 1398,Medieval,,,,,asafoetida,oed,https://www.oed.com/view/Entry/11311,asafoetida,oed,https://www.oed.com/view/Entry/11311,,OE,https://www.etymonline.com/word/asafetida,yes,,,
2.0,yes,en,asafoetida,,,,,Medieval Latin,,asafoetida,,asaf≈ìtida,,stinking asa,,,,,,,,,Laufer disagrees,,yes,,,Medieval,,,,,353,laufer_sino-iranica_1919,http://dsr.nii.ac.jp/toyobunko/III-5-C-22/V-1/page-hr/0179.html.en,353,laufer_sino-iranica_1919,http://dsr.nii.ac.jp/toyobunko/III-5-C-22/V-1/page-hr/0179.html.en,,,,yes,,,
3.0,yes,en,asafoetida,,,yes,from,Persian,,ƒÅzƒÅ,,,,,mastic,mastic,"in a Lanized form, \textit{asa}",,,,,,,,,,,,,,,,42,steingass_comprehensive_1892,,,,,,,,yes,,,
4.0,yes,en,asafoetida,,,,and from,Latin,,foetid,,f≈ìtid,,,"ill-smelling, stinking","ill-smelling, stinking",,feminine of \textit{f≈ìtidus},,,,,"there is also assa dulcis, check Lane",,,,,,,,,,,,,,,,,,,yes,,,
,,,,,,,,,,,,,,,,,,,,,,,,,,,,,,,,,,,,,,,,,,,,,
1.0,yes,en,hing,,,,,English,,hing,,hinge,,,asafoetida,asafoetida,,,,,,,,yes,,16,1599,,,,,,hing,oed,https://www.oed.com/view/Entry/87092,,oed,https://www.oed.com/view/Entry/87092,,,,yes,,,
2.0,yes,en,hing,,,,,Hindi,‡§π‡•Ä‡§Ç‡§ó,hƒ´ng,,,,,id.,asafoetida,,,,,,,,,yes,,,,,,,,hing,oed,https://www.oed.com/view/Entry/87092,,,,,,,yes,,,
3.0,yes,en,hing,,yes,,,Sauraseni Prakrit,ëÄ≥ëÄ∫ëÄÅëÄïëÄº,hi·πÉgu,,,,,id.,asafoetida,,,,,,,,,,,,,,,,,,Wiktionary,,,,,,,,yes,,,
4.0,yes,en,hing,,,,,Sanskrit,‡§π‡§ø‡§ô‡•ç‡§ó‡•Å,hi·πÖgu,,,,,id.,asafoetida,,,,Sogdian 'ynkw,,,,,,,,,,,,,87,gharib_sogdian_1995,https://archive.org/details/SogdianDictionary/page/n152/mode/1up?view=theater,1298,MW,https://www.sanskrit-lexicon.uni-koeln.de/scans/MWScan/2014/web/webtc/servepdf.php?page=1298,,,,yes,,,
5.0,yes,en,hing,,yes,,,Proto-Iranian,,*H√°ngwrÃ•,,,,,"extract, resin","extract, resin",,"with an unexpected shift from *a to i, from the derivation *Hangu«∞atu of which Iranian terms for asafoetida derive. cf. anjudan",,,,,,,,,,,,,,,87,gharib_sogdian_1995,https://archive.org/details/SogdianDictionary/page/n152/mode/1up?view=theater,87,gharib_sogdian_1995,https://archive.org/details/SogdianDictionary/page/n152/mode/1up?view=theater,,,,yes,,,
6.0,yes,en,hing,,,,,Proto-Iranian,,*a·πÖgu-«∞atu-,,,,,resin-gum,resin-gum,,,,,"Tokharian B, Khotanese",,,,,,,,,,,,7,adams_dictionary_2013,,,,https://en.wiktionary.org/wiki/Reconstruction:Proto-Iranian/Hangu%C7%B0atu,,,,yes,,,
,,,,,,,,,,,,,,,,,,,,,,,,,,,,,,,,,,,,,,,,,,,,,
1.0,yes,ar,hiltit,,,,,Arabic,ÿ≠ŸÑÿ™Ÿäÿ™,·∏•iltƒ´t,ÿ≠ŸÑÿ™Ÿäÿ´,"·∏•altƒ´t, ·∏•iltƒ´th",,,asafoetida resin,asafoetida resin,,,,Hebrew \he{◊ó÷¥◊ú÷∞◊™÷¥÷º◊ô◊™} \textit{·∏•ilti·πØ},,,,yes,,,,,,,,,140,fraenkel_aramaischen_1886,https://archive.org/details/diearamischenfr00fraegoog?view=theater#page/n170,79-80,lane_arabic-english_1863,http://arabiclexicon.hawramani.com/?p=1200#72b195,,,,yes,,,
2.0,yes,ar,hiltit,,,,,Aramaic,\he{◊ó◊ú◊™◊ô◊™◊ê}/\sy{‹ö‹†‹¨‹ù‹¨‹ê},·∏•eltƒ´·πØƒÅ,,,,,id.,id.,,,,,,,,,yes,,,,,,,,,"[36]{low_aramaeische_1881}[vol. 3, p. 452-455]{low_flora_1924}",https://menadoc.bibliothek.uni-halle.de/ssg/content/pageview/591438,36,low_aramaeische_1881,https://menadoc.bibliothek.uni-halle.de/ssg/content/pageview/591438,,,https://sammlungen.ub.uni-frankfurt.de/freimann/content/pageview/104191,yes,,,
,,,,,,,,,,,,,,,,,,,,,,,,,,,,,,,,,,,,,,,,,,,,,
1.0,yes,ar,anjudan,,,,,Arabic,ÿ£ŸÜÿ¨ÿØÿßŸÜ,anjudƒÅn,ÿ£ŸÜÿ¨ÿ∞ÿßŸÜ,anjudhƒÅn,,,,,,,,,,,,yes,,,,,,,,,79-80,lane_arabic-english_1863,,79-80,lane_arabic-english_1863,http://arabiclexicon.hawramani.com/?p=1200#72b195,,,,yes,,,
2.0,yes,ar,anjudan,,,,,Persian,ÿßŸÜ⁄ØÿØÿßŸÜ‚Äé,angudƒÅn,,‚Ä¶,,,,,,,,,,,,,yes,,,,,,,,"114, 106",steingass_comprehensive_1892,,"114, 106",steingass_comprehensive_1892,https://dsal.uchicago.edu/cgi-bin/app/steingass_query.py?qs=%D8%A7%D9%86%DA%AF%D8%AF%D8%A7%D9%86%E2%80%8E&matchtype=default,,,,yes,,,
3.0,yes,ar,anjudan,,,,,Proto-Iranian,,*a·πÖgu-«∞atu-,,,,,resin-gum,resin-gum,,,,,"Tokharian B, Khotanese",,,,,,,,,,,,7,adams_dictionary_2013,,,Wiktionary,https://en.wiktionary.org/wiki/Reconstruction:Proto-Iranian/Hangu%C7%B0atu,,,,yes,,,
,,,,,,,,,,,,,,,,,,,,,,,,,,,,,,,,,,,,,,,,,,,,,
1.0,yes,zh,awei,,,,,Mandarin Chinese,ÈòøÈ≠è,ƒÅw√®i,,,MC / î…ë ≈ã âiH/,,asafoetida,asafoetida,,,,,,,"in BCGM, ay√º (ÈòøËôû), xingyu (xingqu, ËààÊ∏†[Áûø], hing-yu, ÂΩ¢Ëôû), and haxini (ÂìàÊòîÂ∞º)",yes,,7,,,,,,,,leung_itinerary_2019,,,,,,,,yes,,,
2.0,yes,zh,awei,,,,,Tokharian B,,ankwa·π£(·π≠),,,,,id.,asafoetida,,,,,,,,,yes,,,,,,,,353,laufer_sino-iranica_1919,,7,adams_dictionary_2013,,,,,yes,,,
3.0,yes,zh,awei,,,,,Sogdian,,*angu≈æat,,,,,id.,asafoetida,,,,,,,,,,,,,,,,,438,tremblay_irano-tocharica_2005,,438,tremblay_irano-tocharica_2005,,,,,yes,,,
4.0,yes,zh,awei,,,,,Proto-Iranian,,*a·πÖgu-«∞atu-,,,,,resin-gum,resin-gum,,,,,,,,,,,,,,,,,,,,7,adams_dictionary_2013,https://en.wiktionary.org/wiki/Reconstruction:Proto-Iranian/Hangu%C7%B0atu,,,,yes,,,
,,,,,,,,,,,,,,,,,,,,,,,,,,,,,,,,,,,,,,,,,,,,,
1.0,yes,zh,xingqu,,,,,Mandarin Chinese,ËààËïñ/ËààÊ∏†/ËààÁûø,xƒ´ngq√∫,,,MC /h…®≈ã …°…® å/,,asafoetida,asafoetida,phonetic transcription,,,,,,"just the word, without the material",yes,,5,,,,,,,,leung_itinerary_2019,,,,,,,,yes,,,
2.0,yes,zh,xingqu,,,,,Sanskrit,‡§π‡§ø‡§ô‡•ç‡§ó‡•Å,hi·πÖgu,,,,,id.,asafoetida,,,,,,,,yes,yes,,,,,,,,353,laufer_sino-iranica_1919,,,,,,,,yes,,,
3.0,yes,zh,xingqu,,,,,Proto-Iranian,,*a·πÖgu-«∞atu-,,,,,resin-gum,resin-gum,,,,,"Tokharian B, Khotanese",,,,yes,,,,,,,,7,adams_dictionary_2013,,,,https://en.wiktionary.org/wiki/Reconstruction:Proto-Iranian/Hangu%C7%B0atu,,,,yes,,,
,,,,,,,,,,,,,,,,,,,,,,,,,,,,,,,,,,,,,,,,,,,,,
1.0,yes,en,caraway,,,,,English,,caraway,,,,,,caraway,,,,,,,,yes,,15,c. 1440,,,,,,caraway,oed,https://www.oed.com/view/Entry/27725,,,,,,,yes,,,
2.0,yes,en,caraway,,,,,Medieval Latin,,carui,,,,,id.,caraway,or some allied Romanic form,,,"French \textit{carvi}, Italian \textit{carvi}, Spanish \textit{carvi}; Old Spanish \textit{alcaravea}, \textit{alcarahueya}, Portuguese \textit{alcaravia}, \textit{alcorovia}",,,,yes,yes,11,c. 1080,,,,,,caraway,ahd,https://www.ahdictionary.com/word/search.html?q=caraway,,,,,,,yes,,,
3.0,yes,en,caraway,,,,,Arabic,ŸÉÿ±ÿßŸàŸäÿß,karƒÅwiyƒÅ,ŸÉÿ±ŸàŸäÿßÿ°,karawyƒÅ',,,id.,caraway,,"loaned to some Eurropean languages with \textit{al-} definite article, via Andalusian Arabic",,,,,,yes,yes,,,,,,,,,[74]{corriente_dictionary_2008}[carvi]{tlfi},,,,,,,,yes,,,
4.0,yes,en,caraway,,,,,Aramaic,\he{◊õ÷∑◊®÷∞◊ï÷∏◊ô÷∏◊ê}/\sy{‹ü‹≤‹™‹ò‹µ‹ù‹µ‹ê},karwƒÅyƒÅ,,,,,id.,caraway,,,,,,,,yes,yes,,,,,,,,,[207]{low_aramaeische_1881}[437-438]{low_flora_1924},,cal,,https://cal.huc.edu/oneentry.php?lemma=krwy+N&cits=all,,,,yes,,,
5.0,yes,en,caraway,,,,,Ancient Greek,Œ∫Œ±œÅœé,kar·πì,Œ∫Œ¨œÅŒøŒΩ; Œ∫Œ¨œÅŒµŒøŒΩ,k√°ron; k√°reon,,,id.,caraway,"a form of the word \textit{k√°ron}, derived from \textit{k√°re} `head'; -·πì form seems Pre-Greek","these forms could not immediately give the Arabic, hence possibly via *Œ∫Œ±œÅœÖŒêŒ± \textit{*karu·∏Øa} a typical plant derivation form of Œ∫Œ±œÅœé \textit{kar·πì}, Œ∫Œ¨œÅŒøŒΩ \textit{k√°ron}",,"Latin \textit{carum, careum}",,,,,yes,,,,,,,,,[653]{beekes_etymological_2010}[599]{sokoloff_dictionary_2002},http://www.perseus.tufts.edu/hopper/text?doc=Perseus:text:1999.04.0057:entry=ka/ri&highlight=caraway,,liddell_greek-english_1940,http://www.perseus.tufts.edu/hopper/text?doc=Perseus:text:1999.04.0057:entry=ka/ri&highlight=caraway,,,,yes,,,
,,,,,,,,,,,,,,,,,,,,,,,,,,,,,,,,,,,,,,,,,,,,,
1.0,yes,ar,karawiya,,,,,Arabic,,karawiyƒÅ,,karwiyƒÅ,,,caraway,caraway,,loaned to some Eurropean languages with \textit{al-} definite article; via Andalusian Arabic,,,,,,yes,,,,,,,,,74,corriente_dictionary_2008,,,,,,,,yes,,,
2.0,yes,ar,karawiya,,,,,Aramaic,\he{◊õ÷∑◊®÷∞◊ï÷∏◊ô÷∏◊ê‚Äé}/\sy{‹ü‹≤‹™‹ò‹µ‹ù‹µ‹ê},karwƒÅyƒÅ,,,,,id.,caraway,,,,,,,,yes,yes,,,,,,,,,[207]{low_aramaeische_1881}[437-438]{low_flora_1924},,cal,,https://cal.huc.edu/oneentry.php?lemma=krwy+N&cits=all,,,,yes,,,
3.0,yes,ar,karawiya,,,,,Ancient Greek,Œ∫Œ±œÅœé,kar·πì,Œ∫Œ¨œÅŒøŒΩ; Œ∫Œ¨œÅŒµŒøŒΩ,k√°ron; k√°reon,,,id.,caraway,"a form of the word \textit{k√°ron}, derived from \textit{k√°re} `head'; -·πì form seems Pre-Greek","these forms could not immediately give the Arabic, hence possibly via *Œ∫Œ±œÅœÖŒêŒ± \textit{*karu·∏Øa} a typical plant derivation form of Œ∫Œ±œÅœé \textit{kar·πì}, Œ∫Œ¨œÅŒøŒΩ \textit{k√°ron}",,"Latin \textit{carum, careum}",,,,,yes,,,,,,,,,[653]{beekes_etymological_2010}[599]{sokoloff_dictionary_2002},http://www.perseus.tufts.edu/hopper/text?doc=Perseus:text:1999.04.0057:entry=ka/ri&highlight=caraway,,liddell_greek-english_1940,http://www.perseus.tufts.edu/hopper/text?doc=Perseus:text:1999.04.0057:entry=ka/ri&highlight=caraway,,,,yes,,,
,,,,,,,,,,,,,,,,,,,,,,,,,,,,,,,,,,,,,,,,,,,,,
1.0,yes,zh,geluzi,,,,,Mandarin Chinese,ËëõÁ∏∑Â≠ê,gƒõ‚Äãl«ö‚Äãzi,,,,bean-hemp-seed?,caraway,caraway,phono-semantic matching; see \textit{shilo} `cumin and caraway',,,,,,,yes,,19?,,Modern,,,,,100,kleeman_oxford_2010,,,,,,,,yes,,,
2.0,yes,zh,geluzi,,,,,Japanese,ËëõÁ∏∑Â≠ê,karyuushi,,,,,caraway,caraway,"probably a transcription of Latin \textit{Carui}, or English \textit{caraway} + \textit{zi}",also „Ç≠„É£„É©„Ç¶„Çß„Ç§ \textit{kyarawei} and Âß´Ëå¥È¶ô [princess-fennel-spice],,,,,,yes,yes,19,1822,Modern,,,,,,,https://www.google.com/search?q=%22%E8%91%9B%E7%B8%B7%E5%AD%90%22&biw=1280&bih=577&tbs=cdr%3A1%2Ccd_min%3A1%2F1%2F1700%2Ccd_max%3A12%2F31%2F1850&tbm=bks&sxsrf=ALiCzsZqfjrIjC8d0rBeXSyqUt2Uja4Rtg%3A1659444891561&ei=mx7pYpLFIevs2roPwP2h-AY&ved=0ahUKEwjS_qP6maj5AhVrtlYBHcB-CG8Q4dUDCAg&uact=5&oq=%22%E8%91%9B%E7%B8%B7%E5%AD%90%22&gs_lcp=Cg1nd3Mtd2l6LWJvb2tzEANQnARYjBFgtRNoAHAAeACAAUeIAb8BkgEBM5gBAKABAcABAQ&sclient=gws-wiz-books,,,,,,,,,,
3.0,yes,zh,geluzi,,,yes,from,English,,caraway,,,,,,caraway,,,,,,,,yes,yes,15,c. 1440,,,,,,caraway,oed,https://www.oed.com/view/Entry/27725,,,,,,,yes,,,
4.0,yes,zh,geluzi,,,,or from,Medieval Latin,,carui,,,,,id.,caraway,or some allied Romanic form,,,"French carvi, Italian carvi, Spanish carvi (whence Scots carvy, kervie), Old Spanish alcaravea, alcarahueya, Portuguese alcaravia, alcorovia",,,,yes,yes,,,,,,,,caraway,ahd,https://www.ahdictionary.com/word/search.html?q=caraway,,,,,,,yes,,,
5.0,yes,zh,geluzi,,,,,Arabic,ŸÉÿ±ÿßŸàŸäÿß,karƒÅwiyƒÅ,ŸÉÿ±ŸàŸäÿßÿ°,karawyƒÅ',,,id.,caraway,,loaned to some Eurropean languages with \textit{al-} definite article; via Andalusian Arabic,,,,,,yes,yes,,,,,,,,74,corriente_dictionary_2008,,,,,,,,yes,,,
6.0,yes,zh,geluzi,,,,,Aramaic,\he{◊õ÷∑◊®÷∞◊ï÷∏◊ô÷∏◊ê‚Äé}/\sy{‹ü‹≤‹™‹ò‹µ‹ù‹µ‹ê},karwƒÅyƒÅ,,,,,id.,caraway,,,,,,,,yes,yes,,,,,,,,,[207]{low_aramaeische_1881}[437-438]{low_flora_1924},,cal,,https://cal.huc.edu/oneentry.php?lemma=krwy+N&cits=all,,,,yes,,,
7.0,yes,zh,geluzi,,,,,Ancient Greek,Œ∫Œ±œÅœé,kar·πì,Œ∫Œ¨œÅŒøŒΩ; Œ∫Œ¨œÅŒµŒøŒΩ,k√°ron; k√°reon,,,id.,caraway,"a form of the word \textit{k√°ron}, derived from \textit{k√°re} `head'; -·πì form seems Pre-Greek","these forms could not immediately give the Arabic, hence possibly via *Œ∫Œ±œÅœÖŒêŒ± \textit{*karu·∏Øa} a typical plant derivation form of Œ∫Œ±œÅœé \textit{kar·πì}, Œ∫Œ¨œÅŒøŒΩ \textit{k√°ron}",,"Latin \textit{carum, careum}",,,,,yes,,,,,,,,,[653]{beekes_etymological_2010}[599]{sokoloff_dictionary_2002},http://www.perseus.tufts.edu/hopper/text?doc=Perseus:text:1999.04.0057:entry=ka/ri&highlight=caraway,,liddell_greek-english_1940,http://www.perseus.tufts.edu/hopper/text?doc=Perseus:text:1999.04.0057:entry=ka/ri&highlight=caraway,,,,yes,,,
,,,,,,,,,,,,,,,,,,,,,,,,,,,,,,,,,,,,,,,,,,,,,
1.0,yes,en,cardamom,,,,,English,,cardamom,,,,,,cardamom,,"via post-classical Latin \textit{cardimomum}, a. 1398",Middle English \textit{cardamome},,,,,yes,,14,c. 1425?,,,,,,cardamom,oed,https://www.oed.com/view/Entry/27836,cardamom,OE,https://www.etymonline.com/word/cardamom,cardamom,ahd,https://www.ahdictionary.com/word/search.html?q=cardamom,yes,,,
2.0,yes,en,cardamom,,,,later also from,Old French,,cardemome,,,,,id.,cardamom,,,,,modern French \textit{cardamome},,,,yes,12,c. 1170,,,,,,cardamome,tlfi,https://www.cnrtl.fr/etymologie/cardamome,cardamome,tlfi,https://www.cnrtl.fr/etymologie/cardamome,,,,yes,,,
3.0,yes,en,cardamom,,,,,Latin,,cardam≈çmum,,,,,id.,cardamom,,,,,,,,yes,,1,,,,,,,cardamomum,lewis_latin_1879,http://www.perseus.tufts.edu/hopper/morph?l=card%C4%83m%C5%8Dmum&la=la&can=card%C4%83m%C5%8Dmum0#lexicon,cardamomum,LS,http://www.perseus.tufts.edu/hopper/morph?l=card%C4%83m%C5%8Dmum&la=la&can=card%C4%83m%C5%8Dmum0#lexicon,,,,yes,,,
4.0,yes,en,cardamom,,,,,Hellenistic Greek,Œ∫Œ±œÅŒ¥Œ¨ŒºœâŒºŒøŒΩ,kard√°m≈çmon,,,,,id.,cardamom,haplological \gr{Œ∫Œ¨œÅŒ¥Œ±Œº-} \textit{k√°rdam-} `cress' + \gr{·ºÑŒºœâŒºŒøŒΩ} \textit{√°m≈çmon} `an Indian spice plant',,,,,,,,yes,-3,,,,,,,Œ∫Œ±œÅŒ¥Œ¨ŒºœâŒºŒøŒΩ,liddell_greekenglish_1940,http://www.perseus.tufts.edu/hopper/morph?l=karda%2Fmwmon&la=greek&can=karda%2Fmwmon0&prior=card%C4%83m%C5%8Dmum#lexicon,Œ∫Œ±œÅŒ¥Œ¨ŒºœâŒºŒøŒΩ,LSJ,http://www.perseus.tufts.edu/hopper/morph?l=karda%2Fmwmon&la=greek&can=karda%2Fmwmon0&prior=card%C4%83m%C5%8Dmum#lexicon,,,,yes,,,
5.0,yes,en,cardamom,,,,,Ancient Greek,Œ∫Œ¨œÅŒ¥Œ±ŒºŒøŒΩ,k√°rdamon,,,,,garden cress \taxon{Lepidium sativum},garden cress \taxon{Lepidium sativum},prehaps a loanword,many plant names with \textit{-amon} are clear loanwords; the suffIx \textit{-amon} is known from Pre-Greek; ultimately of uncertain origin,,classical Latin \textit{cardamum},,,connected with Hittite \textit{kar≈°ani} `an alcalic plant',,,-4,,,,,,,Œ∫Œ¨œÅŒ¥Œ±ŒºŒøŒΩ,liddell_greekenglish_1940,http://www.perseus.tufts.edu/hopper/morph?l=ka%2Frdamon&la=greek&can=ka%2Frdamon0&prior=card%C4%83mum&d=Perseus:text:1999.04.0059:entry=cardamum&i=1#lexicon,Œ∫Œ¨œÅŒ¥Œ±ŒºŒøŒΩ,LSJ,http://www.perseus.tufts.edu/hopper/morph?l=ka%2Frdamon&la=greek&can=ka%2Frdamon0&prior=card%C4%83mum&d=Perseus:text:1999.04.0059:entry=cardamum&i=1#lexicon,cardamum,LS,http://www.perseus.tufts.edu/hopper/morph?l=card%C4%83mum&la=la&can=card%C4%83mum0&d=Perseus:text:1999.04.0059:entry=cardamum&i=1#lexicon,yes,,,
6.0,yes,en,cardamom,,,,,,,,,,,,,,,,,,,,,,,,,,,,,,644,beekes_etymological_2010,,644,beekes_etymological_2010,,,,,yes,,,
,,,,,,,,,,,,,,,,,,,,,,,,,,,,,,,,,,,,,,,,,,,,,
1.0,yes,en,amomum,,,,,English,,amomum,,,,,"any of several spices of genus Amomum, family Zingiberaceae, including cardamom.","any of several spices of genus Amomum, family Zingiberaceae, including cardamom.","An odoriferous plant. The Amomum of the ancients not being certainly identified, the word was used with uncertain denotation by earlier writers;",,,,,,,yes,,14,a. 1398,,,,,,amomum,oed,https://www.oed.com/view/Entry/6523,amomum,oed,https://www.oed.com/view/Entry/6523,cardamom,ahd,https://www.ahdictionary.com/word/search.html?q=cardamom,yes,,,
2.0,yes,en,amomum,,,,,Latin,,amomum,,,,,amomum and a balm containing this spice,amomum and a balm containing this spice,,,,,,,,yes,yes,,,,,,,,,lewis_latin_1879,http://www.perseus.tufts.edu/hopper/text?doc=Perseus:text:1999.04.0059:entry=amomum&highlight=amomum,,LS,http://www.perseus.tufts.edu/hopper/text?doc=Perseus:text:1999.04.0059:entry=amomum&highlight=amomum,,,,yes,,,
3.0,yes,en,amomum,,,,,Ancient Greek,·ºÑŒºœâŒºŒøŒΩ,√°m≈çmon,,,,,"an Indian spice-plant, black cardamom (Amomum subulatum)","an Indian spice-plant, black cardamom (Amomum subulatum)","an Oriental loanword, cf. Œ∫ŒπŒΩŒΩŒ¨ŒºœâŒºŒøŒΩ",,,,,,,yes,yes,,,,,,,,,[]{liddell_greekenglish_1940}[97]{beekes_etymological_2010},http://www.perseus.tufts.edu/hopper/text?doc=Perseus%3Atext%3A1999.04.0057%3Aentry%3Da)%2Fmwmon,,LSJ,http://www.perseus.tufts.edu/hopper/text?doc=Perseus%3Atext%3A1999.04.0057%3Aentry%3Da)%2Fmwmon,,,,yes,,,
4.0,yes,en,amomum,,,,,Semitic,,,,,,,id.,id.,,,,Classical Syriac \sy{‹ö‹°‹µ‹°‹µ‹ê} \textit{·∏•…ômƒÅmƒÅ} ‚Üí Arabic \ar{ÿ≠ŸÖÿßŸÖÿß} \textit{·∏•amƒÅmƒÅ}; Akkadian \textit{·∏´amƒ´mu},,,,,yes,,,,,,,,,"[169]{low_aramaeische_1881}[100]{lev_practical_2008}[vol. 6, p. 66]{roth_assyrian_2004}",,,,,,,,yes,,"[169]{low_aramaeische_1881}][100]{lev_practical_2008}[vol. 6, p. 66]{roth_assyrian_2004}",
,,,,,,,,,,,,,,,,,,,,,,,,,,,,,,,,,,,,,,,,,,,,,
1.0,yes,ar,hal,,,,,Arabic,ŸáÿßŸÑ,hƒÅl,ŸáŸäŸÑ,hayl,,,cardamom,cardamom,,,,,,,,yes,,11,,,,,,,1223,wehr_dictionary_1976,http://ejtaal.net/aa/#hw4=1236,1223,wehr_dictionary_1976,http://ejtaal.net/aa/#hw4=1236,,,,yes,,,
2.0,yes,ar,hal,,,,,Persian,Ÿá€åŸÑ,hil,,,,,the lesser cardamoms,the lesser cardamoms,,,,,,,,yes,yes,,,,,,,,1521,steingass_comprehensive_1892,https://dsal.uchicago.edu/cgi-bin/app/steingass_query.py?qs=%D9%87%D9%8A%D9%84&searchhws=yes&matchtype=exact,1521,steingass_comprehensive_1892,https://dsal.uchicago.edu/cgi-bin/app/steingass_query.py?qs=%D9%87%D9%8A%D9%84&searchhws=yes&matchtype=exact,,,,yes,,,
3.0,yes,ar,hal,,,,,Sanskrit,‡§è‡§≤‡§æ,elƒÅ,,,,,id.,cardamom,,,,,,,,yes,yes,,,,,,,,104,dalby_dangerous_2000,,232,monier-williams_sanskrit-english_1899,https://www.sanskrit-lexicon.uni-koeln.de/scans/csl-apidev/servepdf.php?dict=MW&page=232,,,,yes,,,
4.0,yes,ar,hal,,,,,Proto-Dravidian,,*ƒìla,,,,,id.,cardamom,,,,,Tamil \textit{ƒìlam},,,,yes,,,,,,,,87,burrow_dravidian_1984,,,,,,,,yes,,,
,,,,,,,,,,,,,,,,,,,,,,,,,,,,,,,,,,,,,,,,,,,,,
1.0,yes,ar,qaqulla,,,,,Arabic,ŸÇÿßŸÇŸÑÿ©,qƒÅqulla,,,,,cardamom; black cardamom,cardamom; black cardamom,,,,,,,,,,,,,,,,,863,wehr_dictionary_1976,http://ejtaal.net/aa/#hw4=876,,,,,,,yes,,,
2.0,yes,ar,qaqulla,,,,,Classical Syriac,{◊ß÷∏◊ß◊ï÷º◊ú÷∏◊ê}/\sy{‹©‹≥‹©‹ò‹Ω‹†‹¥‹ê‚Äé},qƒÅqullƒÅ,,,,,cardamom,cardamom,,,,,,,,,,,,,,,,,"vol. 1, p. 489",low_flora_1924,,,,,,,,yes,,,
3.0,yes,ar,qaqulla,,,,,Akkadian,\cu{íã°íÑ£íååíáªíä¨} (qa-qu-ul-lu.SAR),qƒÅqullu,,,,,cardamom,cardamom,,,,,,,,,,,,,,,,,58,zimmern_akkadische_1915,https://archive.org/details/akkadischefremdw00zimmuoft/page/58/mode/2up,,,,,,,yes,,,
4.0,yes,ar,qaqulla,,,yes,,Sanskrit,"‡§§‡§ï‡•ç‡§ï‡•ã‡§≤, ‡§ï‡§ï‡•ç‡§ï‡•ã‡§≤","takkola, kakkola",,,,,plant with aromatic berry; the perfume made from it,plant with aromatic berry; the perfume made from it,,,,,Pali \textit{takkola}; Tibetan \ti{‡ΩÄ‡ºã‡ΩÄ‡Ωº‡ºã‡Ω£} \textit{kakola},,,,,,,,,,,,"431, 241",monier-williams_sanskritenglish_1899,https://www.sanskrit-lexicon.uni-koeln.de/scans/MWScan/2020/web/webtc2/index.php,,,,,,,yes,,,
,,,,,,,,,,,,,,,,,,,,,,,,,,,,,,,,,,,,,,,,,,,,,
1.0,yes,zh,doukou,,,,,Mandarin Chinese,\tc{Ë±ÜËîª},d√≤uk√≤u,\tc{Ëç≥Ëîª},d√≤uk√≤u,MC /d…ôuH¬†h…ôuH/,bean-cardamom,cardamom,cardamom,compound of Ë±Ü `bean(-like)' + \tc{Ëîª} `many; profusion' (BCGM); or phono-semantic matching,also written using \tc{Ëç≥~}; it was confused with nutmeg at first,,,,,,,,9,c. 863,,,,,,22,donkin_between_2003,,,mdbg,https://www.mdbg.net/chinese/dictionary?wdqr=%E8%B1%86%E8%94%BB&wdrst=1,,,,yes,,,
2.0,yes,zh,doukou,,yes,yes,,Middle Chinese,Â§öÈ™®,du≈çg«î,,,MC /t…ë ku…ôt/,,round cardamom,round cardamom,,,,,,,,,,9,,,,,,,18:55,yyzz,https://ctext.org/wiki.pl?if=en&chapter=801324,,,,,,,yes,,,
3.0,yes,zh,doukou,,,yes,,Pali,,takkola,,,,,"Bdellium, a perfume made from the berry of the kakkola plant","Bdellium, a perfume made from the berry of the kakkola plant",,,,,,,cf. Ptolemy's Takola,,,-3,,,,,,,292,pali_text_society_pali_1921,https://dsal.uchicago.edu/cgi-bin/app/pali_query.py?qs=takkola&matchtype=default,,,,,,,yes,,,
4.0,yes,zh,doukou,,,yes,,Sanskrit,"‡§§‡§ï‡•ç‡§ï‡•ã‡§≤, ‡§ï‡§ï‡•ç‡§ï‡•ã‡§≤","takkola, kakkola",,,,,plant with aromatic berry; the perfume made from it,plant with aromatic berry; the perfume made from it,,,,,Pali \textit{takkola}; Tibetan \ti{‡ΩÄ‡ºã‡ΩÄ‡Ωº‡ºã‡Ω£} \textit{kakola}; Chinese ÂòéÂì•Êãâ \textit{g√°gƒìlƒÅ},,,,,,,,,,,,"431, 241",monier-williams_sanskritenglish_1899,https://www.sanskrit-lexicon.uni-koeln.de/scans/MWScan/2020/web/webtc2/index.php,,,,,,,yes,,,
,,,,,,,,,,,,,,,,,,,,,,,,,,,,,,,,,,,,,,,,,,,,,
1.0,yes,en,cassia,,,,,English,,cassia,,,,,,,,,,,,,,yes,,16,c. 1000,,,,,,cassia,oed,,cassia,oed,https://www.oed.com/view/Entry/28492,,OE,https://www.etymonline.com/word/cassia,yes,,,
2.0,yes,en,cassia,,,,,Latin,,casia,,cassia,,,id.,id.,,,,,,,,yes,yes,1,,,,,,,,rosol_early_2018,,,LS,http://www.perseus.tufts.edu/hopper/morph?l=casia&la=la&can=casia0#lexicon,,,,yes,,,
3.0,yes,en,cassia,,,,,Ancient Greek,Œ∫Œ±œÉŒØŒ±,kas√≠a,,kass√≠a,,,id.,id.,,,,,,,,yes,yes,-6,,,,,,,653,beekes_etymological_2010,,,LSJ,http://www.perseus.tufts.edu/hopper/morph?l=kasi%2Fa&la=greek&can=kasi%2Fa0#Perseus:text:1999.04.0057:entry=kasi/a-contents,,,,yes,,,
4.0,yes,en,cassia,,,,,Ancient Hebrew,◊ß÷∞◊¶÷¥◊ô◊¢÷∏◊î,q…ô·π£√Æ ø√¢,◊ß÷∞◊¶÷∑◊¢ qƒÅtsa ø,q'tsƒ´ øƒÅh,,,"a bark resembling cinnamon, but less aromatic, so called from being stripped off","a bark resembling cinnamon, but less aromatic, so called from being stripped off","from \textit{q·π£a ø} `to cut off, strip off bark'",hapax legomenon in the Bible; Ps. 45:9,,,,,,,yes,,,,,,,,589,klein_comprehensive_1987,,,ahd,https://www.ahdictionary.com/word/search.html?q=cassia,,SR,http://www.semiticroots.net/index.php?r=root/view&id=427,yes,,,
,,,,,,,,,,,,,,,,,,,,,,,,,,,,,,,,,,,,,,,,,,,,,
1.0,yes,ar,salikha,,,,,Arabic,ÿ≥ŸÑŸäÿÆÿ©,salƒ´kha,,,,"peeled off, stripped off",cinnamon bark; cassia bark,cinnamon bark; cassia bark,"from \textit{salakha} `to pull off, strip off; skin, flay'; Semitic root \textit{s-l-kh}",,,*,,,,,,,,,,,,,491,wehr_dictionary_1976,"http://ejtaal.net/aa/#hw4=504,ll=1450,ls=5,la=2062,sg=522,ha=342,br=471,pr=79,aan=276,mgf=436,vi=194,kz=1131,mr=321,mn=648,uqw=791,umr=516,ums=438,umj=377,ulq=945,uqa=202,uqq=158,bdw=h441,amr=h313,asb=h467,auh=h762,dhq=h266,mht=h425,msb=h115,tla=h57,amj=h365,ens=h1,mis=h1",491,wehr_dictionary_1976,"http://ejtaal.net/aa/#hw4=504,ll=1450,ls=5,la=2062,sg=522,ha=342,br=471,pr=79,aan=276,mgf=436,vi=194,kz=1131,mr=321,mn=648,uqw=791,umr=516,ums=438,umj=377,ulq=945,uqa=202,uqq=158,bdw=h441,amr=h313,asb=h467,auh=h762,dhq=h266,mht=h425,msb=h115,tla=h57,amj=h365,ens=h1,mis=h1",,,,yes,,,
,,,,,,,,,,,,,,,,,,,,,,,,,,,,,,,,,,,,,,,,,,,,,
1.0,yes,zh,rougui,,,,,Mandarin Chinese,ËÇâÊ°Ç,r√≤ugu√¨,,,MC /kweiH/,flesh-cinnamon,cassia,cassia,\textit{gu√¨} is modified by \textit{r√≤u} to distuinguish it from the osmanthus flower (Ê°ÇËä± \textit{gu√¨huƒÅ}),,,,,,,,,,,,,,,,,,,,,,,,,yes,,,
,,,,,,,,,,,,,,,,,,,,,,,,,,,,,,,,,,,,,,,,,,,,,
1.0,yes,en,cinnamon,,,,,English,,cinnamon,,,,,,cinnamon,,"Middle English \textit{sinamome, synamome}",,,,,,yes,,15,c. 1430,,,,,,cinnamon,oed,https://www.oed.com/view/Entry/33132,cinnamon,oed,https://www.oed.com/view/Entry/33132,cinnamon,OE,https://www.etymonline.com/word/cinnamon,yes,,,
2.0,yes,en,cinnamon,,,,,French,,cinnamome,,cinname,,,id.,cinnamon,,earlier \textit{cynnamome}; also \nth{16} c. \textit{cinamonde},,,,,,yes,yes,13,1211,,,,,,,tlfi,,,tlfi,https://www.cnrtl.fr/etymologie/cinnamome,,,,yes,,,
3.0,yes,en,cinnamon,,,,,Latin,,cinnam≈çmum,,"cinnamum, cinnamon",,,id.,cinnamon,,,,,,,,yes,yes,1,,,,,,,,lewis_latin_1879,,,LS,http://www.perseus.tufts.edu/hopper/morph?l=cinnam%C5%8Dmum&la=la#lexicon,,,,yes,,,
4.0,yes,en,cinnamon,,,,,Ancient Greek,Œ∫ŒπŒΩŒΩŒ¨ŒºœâŒºŒøŒΩ,kinn√°m≈çmon,Œ∫ŒØŒΩŒΩŒ±ŒºŒøŒΩ,k√≠nnamon,,,id.,cinnamon,"later refashioned as \textit{k√≠nnamon} after Latin \textit{cinnamum/cinnamon}, which partly influenced the current English form",of Semitic origin,,Coptic \co{‚≤ï‚≤ì‚≤õ‚≤õ‚≤Å‚≤ô‚≤±‚≤ô‚≤ü‚≤õ} \textit{kinnamomon},,,,yes,yes,-5,,,,,,,701,beekes_etymological_2010,,,LSJ,http://www.perseus.tufts.edu/hopper/morph?l=kinna%2Fmwmon&la=greek&can=kinna%2Fmwmon0&prior=to/#lexicon,,LSJ,http://www.perseus.tufts.edu/hopper/morph?l=ki%2Fnna%5Emon&la=greek&can=ki%2Fnna%5Emon0#lexicon,yes,,,
5.0,yes,en,cinnamon,,,,,Semitic,,*qnmwn,,,,,,cinnamon,,probably a loanword from a non-Semitic language,,Ancient Hebrew \he{◊ß÷¥◊†÷º÷∏◊û◊ï÷π◊ü} \textit{qinƒÅm≈çn}; Judeo-Aramaic \sy{‹©‹¢‹°‹ò} \textit{qnmw},,,,,yes,,,,,,,,585,klein_comprehensive_1987,,,ahd,https://www.ahdictionary.com/word/search.html?q=cinnamon,,,,yes,,,
6.0,yes,en,cinnamon,,,,,,,,,,,,,cinnamon,,,,,,,,,,,,,,,,,,rosol_early_2018,,,,,,,,yes,,,
,,,,,,,,,,,,,,,,,,,,,,,,,,,,,,,,,,,,,,,,,,,,,
1.0,yes,ar,darsini,,,,,Arabic,ÿØÿßÿ±ÿµŸäŸÜŸä,dƒÅr·π£ƒ´nƒ´,,dƒÅr ·π£ƒ´nƒ´ ,,,cinnamon,cinnamon,,,,,,,,,,,,,,,,,311,wehr_dictionary_1976,"http://ejtaal.net/aa/#hw4=324,ll=883,ls=5,la=1312,sg=369,ha=206,br=322,pr=54,aan=183,mgf=293,vi=142,kz=670,mr=218,mn=382,uqw=498,umr=353,ums=285,umj=232,ulq=688,uqa=128,uqq=101,bdw=h291,amr=h218,asb=h275,auh=h555,dhq=h173,mht=h271,msb=h79,tla=h47,amj=h225,ens=h164,mis=h643",311,wehr_dictionary_1976,"http://ejtaal.net/aa/#hw4=324,ll=883,ls=5,la=1312,sg=369,ha=206,br=322,pr=54,aan=183,mgf=293,vi=142,kz=670,mr=218,mn=382,uqw=498,umr=353,ums=285,umj=232,ulq=688,uqa=128,uqq=101,bdw=h291,amr=h218,asb=h275,auh=h555,dhq=h173,mht=h271,msb=h79,tla=h47,amj=h225,ens=h164,mis=h643",,,,yes,,,
2.0,yes,ar,darsini,,,,,Persian,ÿØÿßÿ±⁄Ü€åŸÜ,dƒÅrchƒ´nƒ´,ÿØÿßÿ±⁄Ü€åŸÜ€å‚Äé,"dƒÅr-i chƒ´nƒ´, dƒÅrchƒ´n",,Chinese wood,id.,cinnamon,from Persian \textit{dƒÅr} `wood' + \textit{cƒ´n} `China',,,Sanskrit \textit{dƒÅru} (PIE *d√≥ru),,,,,,,,,,,,,,dietrich_dar_2004,,dƒÅr ·π£ƒ´nƒ´ ,EI2,,,,,yes,,,
3.0,yes,ar,darsini,,,,,Pahlavi,*dƒÅr ƒ´ ƒçƒìnƒ´g,*dƒÅr ƒ´ ƒçƒìnƒ´g,,,,,id.,cinnamon,,cf. Armenian \textit{dariƒçenik},,,,,,,,,,,,,,,,alam_darcini_2011,,dƒÅrƒçƒ´nƒ´,EIr,https://www.iranicaonline.org/articles/darcini,,,,yes,,,
,,,,,,,,,,,,,,,,,,,,,,,,,,,,,,,,,,,,,,,,,,,,,
1.0,yes,ar,qirfa,,,,,Arabic,ŸÇÿ±ŸÅÿ©,qirfa,,,,"bark, rind",cinnamon,cinnamon,"from qarafa `to peel, bark, derind'; Semitic root q-r-f",related to root q-l-f,,,Amharic \textit{kerefe},,,,,,,,,,,,,[888]{wehr_dictionary_1976}[427]{leslau_comparative_1991},"http://ejtaal.net/aa/#hw4=901,ll=2613,ls=9,la=3599,sg=850,ha=612,br=778,pr=126,aan=520,mgf=723,vi=296,kz=2122,mr=535,mn=1111,uqw=1305,umr=876,ums=737,umj=654,ulq=1410,uqa=346,uqq=306,bdw=h713,amr=h517,asb=h790,auh=h1287,dhq=h453,mht=h734,msb=h197,tla=h84,amj=h643,ens=h1,mis=h1772",888,wehr_dictionary_1976,"http://ejtaal.net/aa/#hw4=901,ll=2613,ls=9,la=3599,sg=850,ha=612,br=778,pr=126,aan=520,mgf=723,vi=296,kz=2122,mr=535,mn=1111,uqw=1305,umr=876,ums=737,umj=654,ulq=1410,uqa=346,uqq=306,bdw=h713,amr=h517,asb=h790,auh=h1287,dhq=h453,mht=h734,msb=h197,tla=h84,amj=h643,ens=h1,mis=h1772",427,Leslau,https://books.google.com.hk/books?id=WqkbGRnoSncC&pg=PA427&lpg=PA427&dq=qarafa+semitic+roots&source=bl&ots=UduX8r_dVH&sig=ACfU3U1-atrHsrJzB-9xi7kga2HN1dM5QA&hl=en&sa=X&ved=2ahUKEwi0wu-D5aD4AhULK5QKHXqDCUsQ6AF6BAgCEAM#v=onepage&q=qarafa%20semitic%20roots&f=false,yes,,,
,,,,,,,,,,,,,,,,,,,,,,,,,,,,,,,,,,,,,,,,,,,,,
1.0,yes,en,chile,,,,,English,,chilli,,,,,,chili pepper,,,,,,,,yes,,17,1662,,,,,,chilli,OED,https://www.oed.com/view/Entry/31675,,OE,https://www.etymonline.com/word/chili,,,,,,,
2.0,yes,en,chile,,,,,Spanish,,chile,,,,,id.,chili pepper,,,,,,,,yes,yes,16,1571,,,,,,chile,DLE,https://dle.rae.es/chile,,,,,,,,,,
3.0,yes,en,chile,,,,,Classical Nahuatl,,chƒ´lli,,,,,the chili plant,chili plant,,,,,,,,,yes,,,,,,,,chilli,OND,https://nahuatl.uoregon.edu/content/chilli,,,,,,,,,,
,,,,,,,,,,,,,,,,,,,,,,,,,,,,,,,,,,,,,,,,,,,,,
1.0,yes,ar,fulful harr,,,,,Arabic,ŸÅŸÑŸÅŸÑ ÿ≠ÿßÿ± ,fulful ·∏•ƒÅrr,,,,hot pepper,chili pepper,chili pepper,,,,,,,,,,,,,,,,,,wehr_dictionary_1976,,,,,,,,,,,
,,,,,,,,,,,,,,,,,,,,,,,,,,,,,,,,,,,,,,,,,,,,,
1.0,yes,zh,lajiao,,,,,Mandarin Chinese,Ëæ£Ê§í,l√†jiƒÅo,,,,pungent-pepper,chili pepper,chili pepper,,,,,,,,,,,,,,,,,,defrancis_abc_2003,,,,,,,,,,,
,,,,,,,,,,,,,,,,,,,,,,,,,,,,,,,,,,,,,,,,,,,,,
1.0,yes,en,paprika,,,,,English,,paprika,,,,,,,,,,,,,,,yes,,,,,,,,,,,,OE,https://www.etymonline.com/word/paprika,,,,,,,
2.0,yes,en,paprika,,,,,Hungarian,,paprika,,,,,,,diminutive?,,,,,,,,yes,,,,,,,,,,,,,,,,,,,,
3.0,yes,en,paprika,,,,,Serbian-Croatian-Bosnian,,paprika,,,,,little pepper,little pepper,"(papar+ika) papar = pepper; -ika = Suffix appended to words to create a feminine noun, usually denoting a plant.",,,,,,,,yes,,,,,,,,,,,,,"https://dizbi.hazu.hr/a/?pr=iiif.v.a&id=196806&tify={%22pages%22:[634],%22panX%22:0.481,%22panY%22:0.502,%22view%22:%22thumbnails%22,%22zoom%22:0.741}",,,,,,,
4.0,yes,en,paprika,,,,,Slavic,*p—åp—år—å,*pƒ≠pƒ≠rƒ≠ ,,,,,,,,,,,,,,,,,,,,,,,,,,,,,,,,,,,
5.0,yes,en,paprika,,,,,Latin,,piper,,,,,,,,,,,,,,,,,,,,,,,,,,,,,,,,,,,
6.0,yes,en,paprika,,yes,yes,,Modern Greek,,piperi,,,,,,,,,,,,,,,yes,,,,,,,,,,,,,,,,,,,,
7.0,yes,en,paprika,,,,,Ancient Greek,œÄŒ≠œÄŒµœÅŒπ,p√©peri,,,,,,,,,,,,,,,yes,,,,,,,,,,,,,,,,,,,,
8.0,yes,en,paprika,,,,,Pahlavi,,?,,,,,,,,,,,,,,,yes,,,,,,,,,,,,,,,,,,,,
9.0,yes,en,paprika,,,,,Middle Indo-Aryan,,pipparƒ´,,,,,,,,,,,,,,,yes,,,,,,,,,,,,,,,,,,,,
10.0,yes,en,paprika,,,,,Sanskrit,,pippalƒ´,,,,,,,,,,,,,,,yes,,,,,,,,,,,,,,,,,,,,
,,,,,,,,,,,,,,,,,,,,,,,,,,,,,,,,,,,,,,,,,,,,,
1.0,yes,en,clove,,,,,English,,clove,,,,,,,,,Middle English \textit{clowe},,,,,,,13,c. 1225?,,oed,,,,,,,,OE,https://www.etymonline.com/word/clove,,,,,,,
2.0,yes,en,clove,,,,,Anglo-Norman,,clow,,,,,,,,,,,,,,,,,c. 1200,,,,,,,,,,,,,,,,,,
3.0,yes,en,clove,,,,,Old French,,clou,,,,,,,,,,,,,,,,,12,,,,,,,,,,,,,,,,,,
4.0,yes,en,clove,,,,,Latin,,clƒÅvus,,,,,nail,nail,,,,,,,,,,,,,,,,,,,,,,,,,,,,,
,,,,,,,,,,,,,,,,,,,,,,,,,,,,,,,,,,,,,,,,,,,,,
1.0,yes,ar,qaranful,,,,,Arabic,ŸÇÿ±ŸÜŸÅŸÑ,qaranful,,,,,,clove,,also refers to carnation flower,,,,,,,,,,,,,,,,,,,,,,,,,,,
2.0,yes,ar,qaranful,,,yes,,Dravidian,,?,,,,,,,"perhaps from a language of South India, where cloves were initially traded from",,,,,"cf. Tamil \ta{‡Æï‡Æ∞‡Ææ‡ÆÆ‡Øç‡Æ™‡ØÅ} \textit{karƒÅmpu}, and Malayalam, Sinhalese, etc.",,,,,,,,,,,,,,,,,,,,,,,
,,,,,,,,,,,,,,,,,,,,,,,,,,,,,,,,,,,,,,,,,,,,,
1.0,yes,zh,dingxiang,,,,,Mandarin Chinese,‰∏ÅÈ¶ô,dƒ´ngxiƒÅng,,,,nail-spice,,clove,using pictogram after the shape of the spice,earlier name is ÈõûËàåÈ¶ô \textit{jƒ´sh√©xiƒÅng} [chicken-tongue-spice]  ,,,,,,,,14,1321,Ming,CTP,,Romance of the Three Kingdoms,,,,,,,,,,,,,,
,,,,,,,,,,,,,,,,,,,,,,,,,,,,,,,,,,,,,,,,,,,,,
1.0,yes,en,coriander,,,,,English,,coriander,,,,,,,,,,,,,,,,,,,,,,,,,,,OE,https://www.etymonline.com/word/coriander,,,,,,,
2.0,yes,en,coriander,,,,,Old French,,coriandre,,,,,,,,,,,,,,,,,,,,,,,,,,,,,,,,,,,
3.0,yes,en,coriander,,,,,Latin,,coriandrum,,,,,,,,,,,,,,,,,,,,,,,,,,,,,,,,,,,
4.0,yes,en,coriander,,,,,Ancient Greek,,korƒ´annon;-dron,,,,,,,,,,,,,,,,,,,,,,,,,,,,,,,,,,,
,,,,,,,,,,,,,,,,,,,,,,,,,,,,,,,,,,,,,,,,,,,,,
1.0,yes,ar,kuzbura,,,,,Arabic,ŸÉÿ≤ÿ®ÿ±ÿ©,kuzbara,,,,,,coriander,,,,,,,,,,,,,,,,,,,,,,,,,,,,,
2.0,yes,ar,kuzbura,,,,,Aramaic,\he{◊õ◊°◊ë◊®◊î},kusbara,,,,,,coriander,,,,Classical Syriac \sy{‹ü‹Ω‹ò‹£‹í‹∞‹™‹¨‹≥‹ê‚Äé} \textit{k≈´sbartƒÅ},,,,,,,,,,,,,,,,,,,,,,,,,
3.0,yes,ar,kuzbura,,,,,Akkadian,\cu{íä∫íáΩ},kisibirru,,,,,,coriander,,,,,,,,,,,,,,,,,,,,,,,,,,,,,
4.0,yes,ar,kuzbura,,,yes,,Sanskrit,‡§ï‡•Å‡§∏‡•ç‡§§‡•Å‡§Æ‡•ç‡§¨‡§∞‡•Ä,kustumbarƒ´,,,,,,coriander,,,,,Tamil \ta{‡Æï‡Øä‡Æ§‡Øç‡Æ§‡ÆÆ‡Æ≤‡Øç‡Æ≤‡Æø} \textit{kottamalli}; Indonesian \textit{ketumbar},,,,,,,,,,,,,,,,,https://dsal.uchicago.edu/cgi-bin/app/tamil-lex_query.py?qs=%E0%AE%95%E0%AF%8A%E0%AE%A4%E0%AF%8D%E0%AE%A4%E0%AE%AE%E0%AE%B2%E0%AF%8D%E0%AE%B2%E0%AE%BF&searchhws=yes&matchtype=exact,,,,,,,
,,,,,,,,,,,,,,,,,,,,,,,,,,,,,,,,,,,,,,,,,,,,,
1.0,yes,zh,yansui,,,,,Mandarin Chinese,Ëä´ËçΩ,y√°nsuƒ´,,,,lilac-coriander,coriander,coriander,"\textit{yan} `lilac daphne' + \textit{sui} `coriander', maybe a remodeling of ËÉ°ËçΩ \textit{husui} after Ëä´Ëä± \textit{yanhua} `lilac daphne' (\textit{Daphne genkwa} a herb in TCM, on accou",the characters only appear in these words,,,,,,,,16,c. 1592,Ming,CTP,,Journey to the West,,,,,,,,,,,,,,
,,,,,,,,,,,,,,,,,,,,,,,,,,,,,,,,,,,,,,,,,,,,,
1.0,yes,zh,husui,,,,,Mandarin Chinese,ËÉ°ËçΩ,h√∫suƒ´,,,,barbarian-sui,coriander,coriander,phono-semantic matching of an Iranian form,,,,,,"phono-semantic matching of an Iranian form *koswi, *ko≈°wi, *go≈°wi (Laufer, 1967). Compare Middle Persian g≈°nyc (gi≈°nƒ´z, ‚Äúcoriander‚Äù), k≈°nyc (ki≈°nƒ´z), whence , ‚Äúcoriander‚Äù). Also compare Sanskrit ‡§ï‡•Å‡§∏‡•ç‡§§‡•Å‡§Æ‡•ç‡§¨‡§∞‡•Ä (kustumbarƒ´).",,,4,,,,,,,,laufer_sino-iranica_1919,,,,,,,,,,,
2.0,yes,zh,husui,,,,,Iranian,,"*koswi, *ko≈°wi, *go≈°wi",,,,,id.,id.,,,,Middle Persian \textit{gi≈°nƒ´z/ki≈°nƒ´z} `coriander'  ,Modern Persian ⁄Øÿ¥ŸÜ€åÿ≤‚Äé \textit{ge≈°niz} `id.',,,,,,,,,,,,,,,,,,,,,,,,
,,,,,,,,,,,,,,,,,,,,,,,,,,,,,,,,,,,,,,,,,,,,,
1.0,yes,en,cumin,,,,,English,,cumin,,,,,,,"Middle English cumin, comin was either from French (like Middle Dutch comijn, Dutch komijn), or altered from Old English cymen after French.",Old English \textit{cymen},,"Old High German chumin, cumin, also chumil (Middle High German k√ºmel, German k√ºmmel), Swedish kummin, Danish kummen. The word has also come down in the Romanic languages, Italian cumino, comino, Spanish comino, Portuguese cominho, Old French cumin, comin. ",,,,,,,,,,,,,cumin,oed,https://www.oed.com/view/Entry/45801,,,,,OE,https://www.etymonline.com/word/cumin,,,,
2.0,yes,en,cumin,,,,,Latin,,cumƒ´num,,cymƒ´num,,,id.,id.,,,,,,,,,,,,,,,,,,,,,,,,,,,,,
3.0,yes,en,cumin,,,,,Ancient Greek,Œ∫œçŒº·øëŒΩŒøŒΩ,k√∫mƒ´non,,,,,id.,id.,"The Greek Œ∫œçŒº·øëŒΩŒøŒΩ is supposed to have been a foreign word, cognate in origin with the Semitic names",,,,,,,,,,,,,,,,,,,,,,,,,,,,
4.0,yes,en,cumin,,,,,Semitic,,*kmn,,,,,id.,id.,,,,Arabic \textit{kamm≈´n}; Hebrew \textit{kamm≈çn}; Akkadian \textit{kam≈´nu},,,,,,,,,,,,,,,,,,,,,,,,,
,,,,,,,,,,,,,,,,,,,,,,,,,,,,,,,,,,,,,,,,,,,,,
1.0,yes,ar,kammun,,,,,Arabic,ŸÉŸÖŸàŸÜ,kamm≈´n,,,,,cumin,cumin,,,,,,,,,,,,,,,,,,,,,,,,,,,,,
2.0,yes,ar,kammun,,,,,Aramaic,\he{◊õ÷∑÷º◊û÷π÷º◊ï◊†÷∏÷π◊ê‚Äé}/\sy{‹©‹∞‹°‹Ω‹ò‹¢‹≥‹ê‚Äé},kamm≈çnƒÅ,,,,,id.,cumin,,,,Old Armenian \hy{’π’°’¥’°’∂} \textit{ƒç øaman},,,,,,,,,,,,,,,,,,,,,,,,,
3.0,yes,ar,kammun,,,,,Akkadian,\cu{íåëíÅ∑íä∫íâ™} √ö.GAMUN,kam≈´nu,,,,,id.,cumin,,,,,,,,,,,,,,,,,,,,,,,,,,,,,
,,,,,,,,,,,,,,,,,,,,,,,,,,,,,,,,,,,,,,,,,,,,,
1.0,yes,zh,ziran,,,,,Mandarin Chinese,Â≠úÁÑ∂,zƒ´‚Äãr√°n,,,,,cumin,cumin,modern loan from Uyghur,the historic term is ËíîËòø from Middle Persian \textit{*zƒ´ra} during Tang dynasty,,,,,,,,,,Qing,,,,,,[383]{laufer_sino-iranica_1919}[45]{sulaiman_uyghur_2020}[]{liu_hanyu_1985},,,,,,,,,,,
2.0,yes,zh,ziran,,,,,Uyghur,ÿ≤Ÿâÿ±€ï,zir√§,,,,,id.,cumin,,,,,,,,,,,,,,,,,561,schwarz_uyghur-english_1992,,,,,,,,,,,
3.0,yes,zh,ziran,,,,,Persian,ÿ≤€åÿ±Ÿá,zƒ´ra,,,,,id.,cumin,distantly related to Sanskrit \textit{jƒ´raka},zire-ye siyƒÅh [black cumin] `caraway'; zire-ye sabz [green cumin] `cumin',,Sogdian zyr'kk /z√Ær√™/,Hindi-Urdu \textit{zƒ´rƒÅ},,,,,,,,,,,,634,steingass_comprehensive_1892,,,,,,,,,,,
4.0,yes,zh,ziran,,,yes,,Sanskrit,‡§ú‡•Ä‡§∞,jƒ´ra,‡§ú‡•Ä‡§∞‡§ï,jƒ´raka,,,id.,cumin,,,,,Hindi ‡§ú‡•Ä‡§∞‡§æ \textit{jƒ´rƒÅ}; English \textit{jeera},,,,,,,,,,,,,[375]{mcgregor_oxford_1993},,,SD,https://sanskritdictionary.com/?iencoding=iast&q=j%C4%ABra&lang=sans&action=Search,,,,,,,
,,,,,,,,,,,,,,,,,,,,,,,,,,,,,,,,,,,,,,,,,,,,,
1.0,yes,en,dill,,,,,English,,dill,,,,,,,Germanic word of uncertain origin,,"Old English \textit{dili, dile, dil dyle} (masculine)"," Old Low German \textit{dilli}, Dutch \textit{dille}, Old High German \textit{tilli}, Middle High German \textit{tille}, German \textit{dill, dille}, Danish \textit{dild}, Swedish \textit{dill} ",,,,,,8,a. 700,Old English,oed,,The Epinal Glossary,,dill,oed,https://www.oed.com/view/Entry/52792,,,,,,,,,,
,,,,,,,,,,,,,,,,,,,,,,,,,,,,,,,,,,,,,,,,,,,,,
1.0,yes,ar,shibitt,,,,,Arabic,ÿ¥ÿ®ÿ™,shibitt,,,,,,dill,,,,,,,,,,,,,,,,,1494-1495,lane_arabic-english_1863,https://archive.org/details/ArabicEnglishLexicon.CopiousEasternSources.EnlargedSuppl.Kamoos.Lane.Poole.1863/04.ArabicEnglLex.v1p4.let.12.13.14.Sin.Shin.Sad.Lane.1872./page/n217/mode/2up?view=theater,,,,,,,,,,
2.0,yes,ar,shibitt,,,,,Aramaic,\sy{‹´‹í‹∑‹¨‹¥›Å‹ê‚Äé},≈°…ô·∏áettƒÅ,\he{◊©÷¥◊Å◊ô◊ë÷∞◊™÷∏◊ê‚Äé},≈°i·∏á…ô·πØƒÅ,,,,dill,,,,Hebrew \he{◊©÷∂◊Å◊ë÷∂◊™‚Äé} \textit{≈°√©·∏áe·πØ}; Persian \fa{ÿ¥Ÿà€åÿØ‚Äé} \textit{≈°evid} ,,,,,,,,,,,,,,,,,cal,https://cal.huc.edu/oneentry.php?lemma=%24bt+N&cits=all,,,,,,,
3.0,yes,ar,shibitt,,,,,Akkadian,\cu{íÖÜíÇçíåà},≈°ibittu,,,,,,dill,,,,,,,,,,,,,,,,,,,,,,,,,,,,,
,,,,,,,,,,,,,,,,,,,,,,,,,,,,,,,,,,,,,,,,,,,,,
1.0,yes,zh,shiluo,,,,,Mandarin Chinese,ËíîËòø,sh√≠lu√≥,,,,,,dill,,,,,,,"From Persian ÿ≤€åÿ±Ÿá‚Äé (zire, ‚Äúcumin seed‚Äù) or Sanskrit ‡§ú‡•Ä‡§∞‡§ï (jƒ´raka, ‚Äúcumin seed‚Äù). Attested in Tang dynasty. Compare Â≠úÁÑ∂ (zƒ´r√°n, ‚Äúcumin‚Äù), possibly ultimately from the same source.",,,11,1008,Northern Song,CTP,,Guangyun,,,,,,,,,,,,,,
2.0,yes,zh,shiluo,,,,,Persian,,zƒ´ra,,,,,id.,dill,distantly related to Sanskrit \textit{jƒ´raka},zire-ye siyƒÅh [black cumin] `caraway'; zire-ye sabz [green cumin] `cumin',,Sogdian zyr'kk /z√Ær√™/,Persian \textit{zƒ´ra}; Hindi-Urdu \textit{zƒ´rƒÅ},,,,,,,,,,,,634,steingass_comprehensive_1892,,,,,,,,,,,
3.0,yes,zh,shiluo,,,yes,or,Sanskrit,‡§ú‡•Ä‡§∞,jƒ´ra,‡§ú‡•Ä‡§∞‡§ï,jƒ´raka,,,,dill,,,,,Hindi ‡§ú‡•Ä‡§∞‡§æ \textit{jƒ´rƒÅ}; English \textit{jeera},,,,,,,,,,,,,,,,SD,https://sanskritdictionary.com/?iencoding=iast&q=j%C4%ABra&lang=sans&action=Search,,,,,,,
,,,,,,,,,,,,,,,,,,,,,,,,,,,,,,,,,,,,,,,,,,,,,
1.0,yes,en,fennel,,,,,English,,fennel,,,,,,,,,,,,,marathon,,,8,a. 700,Old English,,,,,fennel,oed,https://www.oed.com/view/Entry/69273,,,,,,,,,,
2.0,yes,en,fennel,,yes,,,Old English,,fenol,,"finugl, finule, fenol, finul",,,,,,,,,,,,,,8,a. 700,Old English,,,,,,,,,,,,,,,,,
3.0,yes,en,fennel,,,,,Latin,,faeniculum,,,,,,,"via Vulgar Latin \textit{fƒìnoclum, fƒìnuclum} substituted for classical Latin \textit{faeniculum}, diminutive of \textit{faenum} hay",,,,"Old French fenoil (modern French fenouil), Proven√ßal fenolh, Italian finocchio, Spanish hinojo.",,,,,,,,,,,,,,,,,,,,,,,,
,,,,,,,,,,,,,,,,,,,,,,,,,,,,,,,,,,,,,,,,,,,,,
1.0,yes,ar,shamar,,,,,Arabic, ÿ¥ŸÖÿ±,shamar,,"shamƒÅr; shamra, shumra",,,,fennel,,,,,,,"From Aramaic, where attested forms include Jewish Babylonian Aramaic ◊°÷¥◊û÷∞◊®÷∏◊ê‚Äé, ◊°÷¥◊ô◊û÷∞◊®÷∏◊ê‚Äé (simrƒÅ), absolute state ◊°÷∞◊û÷∑◊®‚Äé (smar), Jewish Palestinian Aramaic ◊©◊ï◊û◊®◊ê‚Äé (≈°ummƒÅrƒÅ), Classical Syriac ‹´‹≤‹°‹µ‹™‹µ‹ê‚Äé (≈°ammƒÅrƒÅ) and ‹´‹ò‹º‹°‹µ‹™‹µ‹ê‚Äé (≈°ummƒÅrƒÅ), all meaning fennel, deriving from Akkadian íåëíÑ© (≈°imru, simru, ‚Äúfennel‚Äù), also found in Hebrew ◊©÷ª◊Å◊û÷∏÷º◊®‚Äé (≈°ummƒÅÃÅr, ‚Äúfennel‚Äù) and ◊©÷∏◊Å◊û÷¥◊ô◊®‚Äé (≈°ƒÅmƒ´ÃÅr, ‚Äúdill‚Äù), and likely Ugaritic êéòêééêéó (·πØmr, ‚Äúlikely fennel‚Äù). Related to Old Armenian ’∑’°’¥÷Ä’°’µ (≈°amray), ’∑’∏÷Ç’¥÷Ä’°’µ (≈°umray), a Semitic borrowing.",,,,,,,,,,,,,,,,,,,,,,
2.0,yes,ar,shamar,,,,,Aramaic,,simra,,,,,,fennel,,,,,,,,,,,,,,,,,,,,,,,,,,,,,
3.0,yes,ar,shamar,,,,,Akkadian,\cu{íåëíÑ©},≈°imru,,simru,,,,fennel,,,,,,,,,,,,,,,,,,,,,,,,,,,,,
,,,,,,,,,,,,,,,,,,,,,,,,,,,,,,,,,,,,,,,,,,,,,
1.0,yes,zh,huixiang,,,,,Mandarin Chinese,Ëå¥È¶ô,hu√≠xiƒÅng,,,,hui-spice,,fennel,"Ëå¥ \textit{hui} refers to fennel, anise, and related plants; it perhaps could be rendered as `muslim spice' by way of its construction: Âõû `Islam; Hui people' +  Ëâπ `grass, herb' (Hu, 2005); or, phono semantic compund",,,,,,,,,,,,,,,,,hu_food_2005,,,,,,,,,,,
,,,,,,,,,,,,,,,,,,,,,,,,,,,,,,,,,,,,,,,,,,,,,
1.0,yes,en,fenugreek,,,,,English,,fenugreek,,,,,,,"in old English from Latin, in Middle English and later from French",,Old English \textit{fenogr√¶cum},,,,,,,,,,,,,,,,,,oed,https://www.oed.com/view/Entry/69289,,,,,,,
2.0,yes,en,fenugreek,,,,,French,,fenugrec,,,,,,,,,,,,,,,,,,,,,,,,,,,,,,,,,,,
3.0,yes,en,fenugreek,,,,,Latin,,faenugraecum,,,,Greek-hay,,,named \textit{faenum Graecum} `Greek hay' by the Romans,,,,,,,,,,,,,,,,,,,,,,,,,,,,
,,,,,,,,,,,,,,,,,,,,,,,,,,,,,,,,,,,,,,,,,,,,,
1.0,yes,ar,hulba,,,,,Arabic,ÿ≠ŸÑÿ®ÿ©,·∏•ulba,,,,,fenugreek,fenugreek,Semitic,,,Classical Syriac \sy{‹ö‹†‹í‹¨‹ê}; Hebrew \he{◊ó÷¥◊ú÷∞◊ë÷∏÷º◊î}‚Äé \textit{·∏•ilbƒÅ},,,,,,,,,,,,,,,,,,,,wehr_dictionary_1976,http://ejtaal.net/aa/#hw4=247,,,,
,,,,,,,,,,,,,,,,,,,,,,,,,,,,,,,,,,,,,,,,,,,,,
1.0,yes,zh,huluba,,,,,Mandarin Chinese,ËÉ°ËòÜÂ∑¥,h√∫l√∫bƒÅ,,,,,fenugreek,fenugreek,,,,,,,,,,,,,,,,,,,,,,,,,,,,,
2.0,yes,zh,huluba,,yes,yes,,Persian,ÿ≠ŸÑÿ®ÿ©,·∏•ulba,,,,,id.,fenugreek,,,,,,,,,,,,,,,,,,,,,,https://dsal.uchicago.edu/cgi-bin/app/steingass_query.py?page=428,,,,,,,
2.0,yes,zh,huluba,,,,,Arabic,ÿ≠ŸÑÿ®ÿ©,·∏•ulba,,,,,id.,fenugreek,Semitic,,,Classical Syriac \sy{‹ö‹†‹í‹¨‹ê}; Hebrew \he{◊ó÷¥◊ú÷∞◊ë÷∏÷º◊î}‚Äé \textit{·∏•ilbƒÅ},,,,,,,,,,,,,,,,,,,,wehr_dictionary_1976,http://ejtaal.net/aa/#hw4=247,,,,
,,,,,,,,,,,,,,,,,,,,,,,,,,,,,,,,,,,,,,,,,,,,,
1.0,yes,en,ginger,,,,,English,,ginger,,,,,,,,,"Middle English \textit{gingivere}; Anglo-Norman \textit{gingevere, gyngyver}; Old English \textit{ƒ°inƒ°ifer, -ber}",,,,,,,10,c. 925,eOE,,,Bald's Leechbook,,,oed;ross_ginger_1952,,,OE,https://www.etymonline.com/word/ginger,,,,,,,
2.0,yes,en,ginger,,,,reinforced by,Old French,,"gingivere, gingibre ",,gingembre,,,id.,ginger,,,,,,,,,,11,,,,,,,,,,,,,,,,,,,
3.0,yes,en,ginger,,,,,Medieval Latin,,gingiber,,zingiber,,,id.,ginger,,,,,,,Late Latin,,,4,,,,,,,,,,,,,,,,,,,
4.0,yes,en,ginger,,,,,Latin,,zingiber,,zingiberi,,,id.,ginger,,,,,,,,,,1,,,,,Pliny,,,,,,,,,,,,,,
5.0,yes,en,ginger,,,,,Ancient Greek,\gr{Œ∂ŒπŒ≥Œ≥ŒØŒ≤ŒµœÅŒπœÇ},ziggiberis,Œ∂ŒπŒ≥Œ≥ŒØŒ≤ŒµœÅŒπ,ziggiberi,,,id.,ginger,,,,,,,,,,1,,,,,Dioscorides,,,,,,,,,,,,,,
6.0,yes,en,ginger,,,,,Pali,,si·πÖgivera ,,singi,,,id.,ginger,,,,Sanskrit ‡§∂‡•É‡§ô‡•ç‡§ó‡§µ‡•á‡§∞ \text{≈õ·πõ·πágavera},,,,,,,,,,,,,,,,,,,,,,,,,
7.0,yes,en,ginger,,,,,Dravidian,,*cinki-wƒìr,,,,,id.,ginger,South dravidian nominal compound  from the etyma of Tamil and Malayalam \textit{i√±ci} (both with regular loss of an initial sibilant) + \textit{vƒìr} (Proto-Dravidian \textit{wƒìr}); the base of \textit{*cinki} is a loanword,,,,,"Khasi sying (pronounced /s îi≈ã/), Thai khing, Vietnamese g·ª´ng, Chinese jiƒÅng (already in Old Chinese), all in sense ‚Äòginger‚Äô.",,,,,,,,,,,5,krishnamurti_dravidian_2003,,,,,,,,,,,
8.0,yes,en,ginger,,yes,,,unknown language,,?,,,,,id.,ginger,unidentified Southeast Asian language,,,"Khasi \textit{sying} /s îi≈ã/, Thai \textit{khing}, Vietnamese \textit{g·ª´ng}, Chinese \textit{jiƒÅng}",,,,,,,,,,,,,,,,,,,,,,,,,
9.0,yes,en,ginger,,,yes,,Proto-Sino-Tibetan,,*kja≈ã,,,,,id.,ginger,,,,,,,,,,,,,,,,,,,,,,,,,,,,,
,,,,,,,,,,,,,,,,,,,,,,,,,,,,,,,,,,,,,,,,,,,,,
1.0,yes,ar,zanjabil,,,,,Arabic,ÿ≤ŸÜÿ¨ÿ®ŸäŸÑ,zanjabƒ´l,,,,,ginger,ginger,,,,,,,"Compare further Arabic zanjabƒ´l (already in the Qur'an (76:17), probably transmitted via an Iranian language and perhaps also via other Semitic languages), perhaps with folk-etymological influence from Zanj , a medieval name for a region in East Africa (see Zinjanthropus n.). (Influence from either Arabic zanjabƒ´l (preceded by the definite article al ) or its probable (although unattested) variant *zinjabƒ´l has been suggested for the occasional Spanish variant ‚Ä†agengibre (16th cent.), but this is more likely to show analogy within Spanish with other common words of Arabic origin, e.g. azucar sugar n., arroz arroz n.)",,,,609-632,,,76:17,Quran,,,,,,,,,,,,,,
2.0,yes,ar,zanjabil,,,,,Classical Syriac,‹ô‹¢‹ì‹í‹ù‹†‚Äé,zangabƒ´l,‹ô‹¢‹ì‹í‹ù‹™,zangabƒ´r,,,id.,ginger,,,,,,,,,,,,,,,,,,cal,,,cal,https://cal.huc.edu/oneentry.php?lemma=zngbyl+N&cits=all,,,,,,,
3.0,yes,ar,zanjabil,,,,,Pahlavi,,singibƒìr,,,,,id.,ginger,or via another Middle Iranian language,,,,,,,,,,,,,,,,90,ciancaglini_iranian_2008,,,,,,,,,,,
3.0,yes,ar,zanjabil,,,,,Sauraseni Prakrit,ëÄ≤ëÄ∫ëÄÅëÄïëÄ∫ëÄØëÅÇëÄ≠,si·πÉgivera,,,,,id.,ginger,,,,,,,,,,,,,,,,,,,,,,,,,,,,,
4.0,yes,ar,zanjabil,,,yes,,Sanskrit,‡§∂‡•É‡§ô‡•ç‡§ó‡§µ‡•á‡§∞,≈õ·πõ·πÖgavera,,,,,id.,ginger,,,Old Tamil ‡Æá‡Æ®‡Øç‡Æö‡Æø + ‡Æµ‡Øá‡Æ∞‡Øç \textit{i·πÖci} `ginger' (a loanword) + \textit{vƒìr} `root',,,,,,,,,,,,,,,,,,,,,,,,,,
6.0,yes,ar,zanjabil,,,,,Dravidian,,*cinki-wƒìr,,,,,id.,ginger,South dravidian nominal compound  from the etyma of Tamil and Malayalam \textit{i√±ci} (both with regular loss of an initial sibilant) + \textit{vƒìr} (Proto-Dravidian \textit{wƒìr}); the base of \textit{*cinki} is a loanword,,,,,"Khasi sying (pronounced /s îi≈ã/), Thai khing, Vietnamese g·ª´ng, Chinese jiƒÅng (already in Old Chinese), all in sense ‚Äòginger‚Äô.",,,,,,,,,,,5,krishnamurti_dravidian_2003,,,,,,,,,,,
7.0,yes,ar,zanjabil,,yes,,,unknown language,,?,,,,,id.,ginger,unidentified Southeast Asian language,,,"Khasi \textit{sying} /s îi≈ã/, Thai \textit{khing}, Vietnamese \textit{g·ª´ng}, Chinese \textit{jiƒÅng}",,,,,,,,,,,,,,oed,,,,,,,,,,,
8.0,yes,ar,zanjabil,,,yes,,Proto-Sino-Tibetan,,*kja≈ã,,,,,id.,ginger,,,,,,,,,,,,,,,,,,,,,,,,,,,,,
,,,,,,,,,,,,,,,,,,,,,,,,,,,,,,,,,,,,,,,,,,,,,
1.0,yes,zh,jiang,,,,,Mandarin Chinese,Ëñë,jiƒÅng,,,,,ginger,ginger,,,,,,,,,,-3,-221,Spring and Autumn - Warring States,CTP,,Analects; SWJZ,,,,,360,kleeman_oxford_2010,,https://en.wiktionary.org/wiki/%E8%96%91,,,,,,
2.0,yes,zh,jiang,,yes,,,Middle Chinese,‰ï¨; Ëñë,,ßÖÅ,,MC /k…®…ê≈ã/,,id.,ginger,,,,,,,,,,,,,,,,,,,,,,,,,,,,,
3.0,yes,zh,jiang,,,,,Old Chinese,‰ï¨,,,,OC /*ka≈ã/,,id.,ginger,,,,,,,,,,,,,,,,,,,,,,,,,,,,,
4.0,yes,zh,jiang,,,,,Proto-Sino-Tibetan,,*kja≈ã,,,,,id.,ginger,,,,,Burmese ·ÄÅ·Äª·ÄÑ·Ä∫·Ä∏ \textit{hkyang:},,,,,,,,,,,,,,,,,,,,,,,,
,,,,,,,,,,,,,,,,,,,,,,,,,,,,,,,,,,,,,,,,,,,,,
1.0,yes,en,long pepper,,,,,English,,long pepper,,,,,,long pepper,,,,"Anglo-Norman as poivre lonc (13th cent.; Middle French, French poivre long) and also Middle Dutch lanc peper (Dutch lange peper), Middle Low German lanc pƒìper, lancpƒìper, Old High German langpfeffar (Middle High German langer pheffer, German langer Pfeffer), Old Swedish langa pipar (Swedish l√•ngpeppar)",,,,yes,,10,,eOE,,,Bald's Leechbook,,long pepper,oed,https://www.oed.com/view/Entry/109975?redirectedFrom=long+pepper#eid38794535,,,,,,,yes,,,
2.0,yes,en,long pepper,,,,,Latin,,piper longus,,,,pepper-long,id.,long pepper,,,,,,,,,yes,,,,,,,,,,,,,,,,,yes,,,
,,,,,,,,,,,,,,,,,,,,,,,,,,,,,,,,,,,,,,,,,,,,,
1.0,yes,ar,darfilfil,,,,,Arabic,ÿØÿßÿ±ŸÅŸÑŸÅŸÑ,dƒÅrfilfil,,dƒÅrfulful,,,long pepper,long pepper,compound of two Persian words,,,,,,,yes,,,,,,,,,2435,lane_arabic-english_1863,,,dozy_supplement_1881,http://arabiclexicon.hawramani.com/?p=51032#99e851,,,,yes,,,
2.0,yes,ar,darfilfil,,,,,Persian,ÿØÿßÿ± ŸæŸÑŸæŸÑ‚Äé,dƒÅr pilpil,,,,,id.,long pepper,formed within Persian from \textit{dƒÅr} `wood' + \textit{pilpil} `pepper',both words are Sanskrit loanwords,,,,,,yes,yes,,,,,,,,,,,496,steingass_comprehensive_1892,https://dsal.uchicago.edu/cgi-bin/app/steingass_query.py?page=496,,,,yes,,,
3.0,yes,ar,darfilfil,,,,ultimately from,Sanskrit,,dƒÅru + pippali,,,,,,long pepper,,,,,,,,,yes,,,,,,,,,,,,,,,,,yes,,,
,,,,,,,,,,,,,,,,,,,,,,,,,,,,,,,,,,,,,,,,,,,,,
1.0,yes,zh,biba,,,,,Mandarin Chinese,ËìΩÊãî,b√¨b√°,,,MC /pi…™tÃö  bu…ëtÃö/,,long pepper,long pepper,a phonetic loan,,,,,,,yes,,,,,,,,,,,,,,,,,,yes,,,
2.0,yes,zh,biba,,,,,Sanskrit,‡§™‡§ø‡§™‡•ç‡§™‡§≤‡§ø ,pippali,‡§™‡§ø‡§™‡•ç‡§™‡§≤‡•Ä,pippalƒ´,,,long pepper \textit{Piper longum} (plant and berry); a berry,long pepper \textit{Piper longum} (plant and berry); a berry,,,,,,,,,yes,,,,,,,,626,monier-williams_sanskritenglish_1899,https://www.sanskrit-lexicon.uni-koeln.de/scans/csl-apidev/servepdf.php?dict=MW&page=628,626,Monier-Williams,https://www.sanskrit-lexicon.uni-koeln.de/scans/csl-apidev/servepdf.php?dict=MW&page=628,,,,yes,,,
,,,,,,,,,,,,,,,,,,,,,,,,,,,,,,,,,,,,,,,,,,,,,
1.0,yes,en,mace,,,,,English,,mace,,,,,aril surrounding the nutmeg,aril surrounding the nutmeg,taken as a plural in Middle English (\textit{macis}) and a new singular mace was formed from it,,Middle English \textit{macis},,,,,,,13,1234,,oed,,,,,,,,OE,https://www.etymonline.com/word/mace,,,,,,,
2.0,yes,en,mace,,,,,Old French,,macis,,,,,id.,id.,,although only attested slightly later than in Middle English,,,,,,,,,,,,,,,,,,,,,,,,,,,
3.0,yes,en,mace,,,,or,Medieval Latin,,macis,,,,,id.,id.,,,,Hungarian \textit{m√°cisdi√≥},,,,,,12,,,,,,,,,,,,,,,,,,,
4.0,yes,en,mace,,,yes,,Latin,,macir,,,,,,,,,,,,,,,,,,,,,,,,,,,,,,,,,,,
5.0,yes,en,mace,,,yes,,Ancient Greek,ŒºŒ¨Œ∫ŒπœÅ,m√°kir,,,,,,,,of uncertain origin,,,,,,,,,,,,,,,,,,,http://www.perseus.tufts.edu/hopper/text?doc=Perseus:text:1999.04.0057:entry=ma/kir,,,,,,,,
,,,,,,,,,,,,,,,,,,,,,,,,,,,,,,,,,,,,,,,,,,,,,
1.0,yes,ar,basbas,,,,,Arabic,ÿ®ÿ≥ÿ®ÿßÿ≥,basbƒÅs,ÿ®ÿ≥ÿ®ÿßÿ≥ÿ©,basbƒÅsa,,,,mace,,,,,,,,,,,,,,,,,,,,,,,,,,,,,
2.0,yes,ar,basbas,,,,,Persian,,,,,,,,,,,,,,,,,,,,,,,,,,,,,,,,,,,,,
,,,,,,,,,,,,,,,,,,,,,,,,,,,,,,,,,,,,,,,,,,,,,
1.0,yes,zh,roudoukoupi,,,,,Mandarin Chinese,ËÇâË±ÜËîªÁöÆ,r√≤ud√≤uk√≤up√≠,ËÇâË±ÜËîª‰πæÁöÆ,r√≤ud√≤uk√≤ugƒÅnp√≠,,,,mace,,,,,,,,,,,,,,,,,,,,,,,,,,,,,
,,,,,,,,,,,,,,,,,,,,,,,,,,,,,,,,,,,,,,,,,,,,,
1.0,yes,en,nutmeg,,,,,English,,nutmeg,,,,,,,,,"Middle English \textit{notmyg, nutemug(g)e, etc.}",,,,,,,,,,,,,,,,,,OE,https://www.etymonline.com/word/nutmeg,,,,,,,
2.0,yes,en,nutmeg,,,,,Anglo-Norman,,*nois mugue,,,,,,,,,,,,,,,,,,,,,,,,,,,,,,,,,,,
3.0,yes,en,nutmeg,,,,,Old French,,nois mug(u)ede; nois musguete,,,,,,,,,,,,,,,,,,,,,,,,,,,,,,,,,,,
4.0,yes,en,nutmeg,,,,,Romance,,*nuce muscƒÅta,,,,,,,,,,,,,,,,,,,,,,,,,,,,,,,,,,,
5.0,yes,en,nutmeg,,,,,Latin,,nux muscada,,,,,,,,,,,,,,,,,,,,,,,,,,,,,,,,,,,
6.0,yes,en,nutmeg,,,,,Pahlavi,,*mu≈°k,,,,,,,,,,,,,,,,,,,,,,,,,,,,,,,,,,,
7.0,yes,en,nutmeg,,,,,Sanskrit,,mu·π£ka,,,,,,,,,,,,,,,,,,,,,,,,,,,,,,,,,,,
,,,,,,,,,,,,,,,,,,,,,,,,,,,,,,,,,,,,,,,,,,,,,
1.0,yes,ar,jawz al-tib,,,,,Arabic,ÿ¨Ÿàÿ≤ ÿßŸÑÿ∑Ÿäÿ®,jawz al-·π≠ƒ´b,,,,,,nutmeg,,,,,,,,,,,,,,,,,,,,,,,,,,,,,
2.0,yes,ar,jawz al-tib,,,,,Persian,,jawz buwwa,,,,,,nutmeg,,,,,,,,,,,,,,,,,,,,,,,,,,,,,
,,,,,,,,,,,,,,,,,,,,,,,,,,,,,,,,,,,,,,,,,,,,,
1.0,yes,zh,roudoukou,,,,,Mandarin Chinese,ËÇâË±ÜËîª,r√≤ud√≤uk√≤u,,,,,,nutmeg,,,,,,,,,,,,,,,,,,,,,,,,,,,,,
,,,,,,,,,,,,,,,,,,,,,,,,,,,,,,,,,,,,,,,,,,,,,
1.0,yes,en,pepper,,,,,English,,pepper,,,,,,,,,Middle English \textit{peper}; Old English \textit{pipor},,,,https://old-engli.sh/dictionary.php,,,9,,,,,,,,oed;lewis_middle_1952;bosworth_anglosaxon_2014,https://www.oed.com/view/Entry/140433?; https://quod.lib.umich.edu/m/middle-english-dictionary/dictionary/MED32888/; https://bosworthtoller.com/25235,,OE,https://www.etymonline.com/word/pepper,,Bosworth Toller,https://bosworthtoller.com/25235,yes,,oed,https://www.oed.com/view/Entry/140433?
2.0,yes,en,pepper,,,yes,,West Germanic,,*pipor,,,,,id.,id.,,,,,,,,yes,,5?,,,,,,,,oe,https://en.wiktionary.org/wiki/pepper,,Wiktionary,https://en.wiktionary.org/wiki/pepper,,,,yes,,EE; OE; MW; AH; WK,
3.0,yes,en,pepper,,,,,Latin,,piper,,,,,"black pepper, long pepper","black pepper, long pepper",,,,,,,,yes,yes,-4,,,,,,,,lewis_latin_1879,http://www.perseus.tufts.edu/hopper/text?doc=Perseus%3Atext%3A1999.04.0059%3Aentry%3Dpiper,,Lewis & Short,http://www.perseus.tufts.edu/hopper/text?doc=Perseus%3Atext%3A1999.04.0059%3Aentry%3Dpiper,,,,yes,,EE; OE; MW; AH; WK ,
4.0,yes,en,pepper,,,,,Ancient Greek,œÄŒ≠œÄŒµœÅŒπ,p√©peri,,,,,id.,id.,,,,,,,,yes,yes,-5,,,,,,,,liddell_greekenglish_1940,http://www.perseus.tufts.edu/hopper/morph?l=pe%2Fperi%5E&la=greek&can=pe%2Fperi%5E0#Perseus:text:1999.04.0057:entry=pe/peri^-contents,,Liddel & Scott,http://www.perseus.tufts.edu/hopper/morph?l=pe%2Fperi%5E&la=greek&can=pe%2Fperi%5E0#Perseus:text:1999.04.0057:entry=pe/peri^-contents,,,,yes,,EE; OE; MW; AH; WK;,
5.0,yes,en,pepper,,yes,yes,,Pahlavi,,?,,,,,,,,,,,,,,yes,yes,,,,,,,,,Wiktionary,,,,,,,,yes,,WK,
6.0,yes,en,pepper,,,,,Middle Indo-Aryan,‡§™‡§ø‡§™‡•ç‡§™‡§∞‡•Ä ,pipparƒ´,,,,,long pepper,long pepper,,,,,,,,,yes,,,,,,,,599,sheth_paiasaddamahannavo_1923,,599,Sheth,https://dsal.uchicago.edu/cgi-bin/app/sheth_query.py?qs=%E0%A4%AA%E0%A4%BF%E0%A4%AA%E0%A5%8D%E0%A4%AA%E0%A4%B0%E0%A5%80&searchhws=yes,,,,yes,,OE; AH; WK,
7.0,yes,en,pepper,,,,,Sanskrit,‡§™‡§ø‡§™‡•ç‡§™‡§≤‡§ø ,pippali,‡§™‡§ø‡§™‡•ç‡§™‡§≤‡•Ä,pippalƒ´,,,long pepper \textit{Piper longum} (plant and berry); a berry,long pepper *Piper longum* (plant and berry); a berry,,,,,,,,,,,,,,,,,626,monier-williams_sanskritenglish_1899,https://www.sanskrit-lexicon.uni-koeln.de/scans/csl-apidev/servepdf.php?dict=MW&page=628,626,Monier-Williams,https://www.sanskrit-lexicon.uni-koeln.de/scans/csl-apidev/servepdf.php?dict=MW&page=628,,,,yes,,EE; OE; MW; AH; WK,
,,,,,,,,,,,,,,,,,,,,,,,,,,,,,,,,,,,,,,,,,,,,,
1.0,yes,ar,fulful,,,,,Arabic,ŸÅŸÑŸÅŸÑ,"filfil, fulful",,,,,pepper,pepper,,,,,,,,yes,,,,,,,,,2434,lane_arabic-english_1863,,,HW,http://ejtaal.net/aa/#hw4=864,,sq,http://arabiclexicon.hawramani.com/?p=121371#ee739c,yes,,,
2.0,yes,ar,fulful,,,,,Persian,ŸæŸÑŸæŸÑ,pilpil,,,,,id.,id.,,,,"Old Armenian \hy{’∫’≤’∫’•’≤} \textit{p≈Çpe≈Ç}, Old Georgian \ka{·Éû·Éò·Éö·Éû·Éò·Éö·Éò} \textit{·πóil·πóili}",,,,yes,yes,,,,,,,,,,,,,,,,,yes,,,
3.0,yes,ar,fulful,,,yes,,Middle Indo-Aryan,,?,,,,,long pepper,long pepper,,,,,,,,yes,yes,,,,,,,,,,,,,,,,,yes,,,
4.0,yes,ar,fulful,,,,,Sanskrit,‡§™‡§ø‡§™‡•ç‡§™‡§≤‡§ø,pippali,‡§™‡§ø‡§™‡•ç‡§™‡§≤‡•Ä,pippalƒ´,,,long pepper \textit{Piper longum} (plant and berry); a berry,long pepper *Piper longum* (plant and berry); a berry,,,,,,,,,yes,,,,,,,,,sq,http://arabiclexicon.hawramani.com/?p=121371#ee739c,,,,,,,yes,,,
,,,,,,,,,,,,,,,,,,,,,,,,,,,,,,,,,,,,,,,,,,,,,
1.0,yes,zh,hujiao,,,,,Mandarin Chinese,ËÉ°Ê§í,h√∫‚ÄãjiƒÅo,,,,barbarian-pepper,black pepper,black pepper,"from ËÉ° \textit{h√∫‚Äã} `Western barbarians, steppe nomads' + Ê§í \textit{jiƒÅo} `pepper, spice'","\textit{jiƒÅo} was the prototype spice in China, originally referring to the local ``Sichuan pepper'' which is now called Ëä±Ê§í \textit{huƒÅjiƒÅo} [flower-pepper]",,,,,,,,5,5,[Northern and Southern] 420-445,,,Hou Han Shu,,,schuessler_abc_2007,,,WOLD,https://wold.clld.org/word/77161647843099036,,,,yes,,,
,,,,,,,,,,,,,,,,,,,,,,,,,,,,,,,,,,,,,,,,,,,,,
1.0,no,hu,bors,,,,,Hungarian,,bors,,,,pepper,(black) pepper,(black) pepper,,,,,,,"bors [1075 tn., 1395 k.] J√∂vev√©nysz√≥ egy t√∂r√∂k nyelvb≈ël a honfoglal√°s el≈ëtti id≈ëb≈ël, v√∂. oszm√°n-t√∂r√∂k nyelvj√°r√°si bur√ß, csuvas p√ßr√ßs: ‚Äôbors‚Äô. A t√∂r√∂k szavak ir√°ni eredet≈±ek, v√∂. szogd marƒç, pam√≠ri m√§rƒç: ‚Äôugyanaz‚Äô. A sz√≥v√©gi dezaffrik√°ci√≥ m√°s t√∂r√∂k eredet≈± szavunkban is megfigyelhet≈ë, v√∂. kos, k≈ëris. A sz√≥ a kereskedelem r√©v√©n jutott el nyelv√ºnkbe. Sz√°rmaz√©kai a borsos [1333 tn.], borsoz [1540 k. (?), 1779 e.], borsika [1783].",yes,,11,1075,,,,,,,zaicz_etimologiai_2006,,,,,,,,yes,,,
2.0,no,hu,bors,,,,,Turkic,,?,,,,,id.,black pepper,,,,Ottoman Turkish \textit{bur√ß}; Chuvash \textit{p…ôr…ôs},,,,yes,yes,,,,,,,,,zaicz_etimologiai_2006,,,,,,,,yes,,,
3.0,no,hu,bors,,,,,Iranian,,?,,,,,id.,black pepper,,,,Sogdian \textit{marƒç}; Pamiri \textit{m√§rƒç},,,,yes,yes,,,,,,,,,zaicz_etimologiai_2006,,,,,,,,yes,,,
4.0,no,hu,bors,,,,,Sanskrit,‡§Æ‡§∞‡§ø‡§ö,marica,,,,,id.,black pepper,,,,,,,,,yes,,,,,,,,790,monier-williams_sanskritenglish_1899,https://www.sanskrit-lexicon.uni-koeln.de/scans/csl-apidev/servepdf.php?dict=mw&page=0790,790,monier-williams_sanskrit-english_1899,https://www.sanskrit-lexicon.uni-koeln.de/scans/csl-apidev/servepdf.php?dict=mw&page=0790,,,,yes,,,
,,,,,,,,,,,,,,,,,,,,,,,,,,,,,,,,,,,,,,,,,,,,,
1.0,yes,en,saffron,,,,,English,,saffron,,,,,,,,,,,Middle English \textit{saf(f)r«íun},,"Etymology: < French safran (12th cent. in Hatzfeld & Darmesteter), whence also Middle Low German saffer√¢n, Middle Dutch saffraen (Dutch saffraan), Middle High German saffr√¢n (modern German safran). The ultimate source is Arabic za øfarƒÅn (adopted unchanged in Turkish, Persian, and Hindi); also Jewish Aramaic za øperƒÅnƒÅ). The Arabic word with prefixed definite article, azza øfarƒÅn, is represented by Spanish azafran, Portuguese a√ßafr√£o; the word without this prefix gives rise to Italian zafferano, zaffrone, Proven√ßal safran, safr√°, Catalan safr√°, French safran, medieval Latin safranum, medieval Greek Œ∂Œ±œïœÅ·æ∂œÇ, modern Greek œÉŒ±œïœÅŒ¨ŒΩŒπ, Russian ≈°afran. The origin of Arabic za øfarƒÅn is unknown; it is not connected with √ßafrƒÅ' feminine of a√ßfar yellow. The Turkish synonym √ßafrƒÅn (Zenker; given in Redh.-Wells only as an incorrect pronunciation) may however be derived from this adjective, and may be the source of some of the European forms.",yes,,13,c. 1200,,,,,,saffron,oed,https://www.oed.com/view/Entry/169701,,OE,https://www.etymonline.com/word/saffron,,,,yes,,,
2.0,yes,en,saffron,,,,,French,,safran,,,,,id.,id.,,,,,"Middle Low German \textit{saffer√¢n}, Middle Dutch \textit{saffraen} (Dutch \textit{saffraan}), Middle High German \textit{saffr√¢n} (modern German \textit{safran})",,,yes,yes,12,c. 1150,,,,,,saf(f)r«íun,lewis_middle_1952,https://quod.lib.umich.edu/m/middle-english-dictionary/dictionary/MED38255/,,MED,https://quod.lib.umich.edu/m/middle-english-dictionary/dictionary/MED38255/,,tlfi,https://www.cnrtl.fr/etymologie/safran,yes,,,
3.0,yes,en,saffron,,,,,Medieval Latin,,saffrƒÅnum,,,,,id.,id.,,,,,,,Anglo-Latin,yes,yes,,,,,,,,safran,tlfi,https://www.cnrtl.fr/etymologie/safran,,MED,https://quod.lib.umich.edu/m/middle-english-dictionary/dictionary/MED38255/,,,,yes,,,
4.0,yes,en,saffron,,,,,Arabic,ÿ≤ÿπŸÅÿ±ÿßŸÜ,za øfarƒÅn,,,,,id.,id.,,not connected with \textit{·π£afrƒÅ'} feminine of \textit{a·π£far} `yellow',,,"Turkish, Persian, and Hindi; Jewish Aramaic \textit{za øperƒÅnƒÅ}; Spanish \textit{azafran}, Portuguese \textit{a√ßafr√£o}; the word without this prefix gives rise to Italian \textit{zafferano, zaffrone}, Proven√ßal \textit{safran, safr√°}, Catalan \textit{safr√°}, French \textit{safran}, medieval Latin \textit{safranum}, medieval Greek Œ∂Œ±œïœÅ·æ∂œÇ \textit{zafor√°s}, modern Greek œÉŒ±œïœÅŒ¨ŒΩŒπ \textit{safr√°ni}, Russian \textit{≈°afran}. ",,"The Turkish synonym √ßafrƒÅn (Zenker; given in Redh.-Wells only as an incorrect pronunciation) may however be derived from this adjective, and may be the source of some of the European forms.",yes,yes,7,7,,,,,,,wehr_dictionary_1976,"http://ejtaal.net/aa/#hw4=451,ll=1274,ls=5,la=1833,sg=475,ha=301,br=423,pr=70,aan=243,mgf=391,vi=178,kz=1000,mr=289,mn=570,uqw=709,umr=459,ums=388,umj=333,ulq=860,uqa=173,uqq=137,bdw=h388,amr=h280,asb=h413,auh=h692,dhq=h232,mht=h377,msb=h103,tla=h55,amj=h320,ens=h1,mis=h1",,Hans-Wehr,"http://ejtaal.net/aa/#hw4=451,ll=1274,ls=5,la=1833,sg=475,ha=301,br=423,pr=70,aan=243,mgf=391,vi=178,kz=1000,mr=289,mn=570,uqw=709,umr=459,ums=388,umj=333,ulq=860,uqa=173,uqq=137,bdw=h388,amr=h280,asb=h413,auh=h692,dhq=h232,mht=h377,msb=h103,tla=h55,amj=h320,ens=h1,mis=h1",,,,yes,,,
,,,,,,,,,,,,,,,,,,,,,,,,,,,,,,,,,,,,,,,,,,,,,
1.0,yes,ar,zafaran,,,,,Arabic,ÿ≤ÿπŸÅÿ±ÿßŸÜ,za øfarƒÅn,,,,,id.,saffron,,not connected with ·π£afrƒÅ' feminine of a·π£far yellow,,,"Turkish, Persian, and Hindi; Jewish Aramaic za øperƒÅnƒÅ; Spanish azafran, Portuguese a√ßafr√£o; the word without this prefix gives rise to Italian zafferano, zaffrone, Proven√ßal safran, safr√°, Catalan safr√°, French safran, medieval Latin safranum, medieval Greek Œ∂Œ±œïœÅ·æ∂œÇ, modern Greek œÉŒ±œïœÅŒ¨ŒΩŒπ, Russian ≈°afran. ",,"The Turkish synonym √ßafrƒÅn (Zenker; given in Redh.-Wells only as an incorrect pronunciation) may however be derived from this adjective, and may be the source of some of the European forms.",yes,yes,7,7,,,,,,,wehr_dictionary_1976,"http://ejtaal.net/aa/#hw4=451,ll=1274,ls=5,la=1833,sg=475,ha=301,br=423,pr=70,aan=243,mgf=391,vi=178,kz=1000,mr=289,mn=570,uqw=709,umr=459,ums=388,umj=333,ulq=860,uqa=173,uqq=137,bdw=h388,amr=h280,asb=h413,auh=h692,dhq=h232,mht=h377,msb=h103,tla=h55,amj=h320,ens=h1,mis=h1",,Hans-Wehr,"http://ejtaal.net/aa/#hw4=451,ll=1274,ls=5,la=1833,sg=475,ha=301,br=423,pr=70,aan=243,mgf=391,vi=178,kz=1000,mr=289,mn=570,uqw=709,umr=459,ums=388,umj=333,ulq=860,uqa=173,uqq=137,bdw=h388,amr=h280,asb=h413,auh=h692,dhq=h232,mht=h377,msb=h103,tla=h55,amj=h320,ens=h1,mis=h1",,,,yes,,,
2.0,yes,ar,zafaran,,,yes,,Pahlavi,,zarparƒÅn,,,,golden thread,id.,saffron,"\textit{zar} `gold' + \textit{par} `feather' + \textit{-ƒÅn} `pl.', a pseudo-etymological explanation",,,,,,,,yes,,,,,,,,,"[]{asbaghi_persische_1988}[65, 98]{mackenzie_concise_1986}[safran]{ns}",,,Ni≈üanyan S√∂zl√ºk,https://www.nisanyansozluk.com/kelime/safran,,"MacKenzie, 1986:65, 98",,yes,,,
3.0,yes,ar,zafaran,,,yes,,Akkadian,\cu{íåëíÑØíäï},"azupƒ´ru, azupƒ´rƒÅnu",,,,,a spice and medicinal plant,a spice and medicinal plant,,unlikely etymon,,,,,Sumerian? https://en.wikipedia.org/wiki/Azupiranu,,,,,,,,,,,"[33]{black_concise_2000}[vol. 2, 530-531]{roth_assyrian_2004}",,,CAD A2:530-531,https://oi.uchicago.edu/research/publications/assyrian-dictionary-oriental-institute-university-chicago-cad,,,,yes,,,
,,,,,,,,,,,,,,,,,,,,,,,,,,,,,,,,,,,,,,,,,,,,,
1.0,yes,zh,fanhonghua,,,,,Mandarin Chinese,Áï™Á¥ÖËä±,fƒÅnh√≥nghuƒÅ,,,,foreign-red-flower,saffron,saffron,"reached China from way of Kashmir and Tibet, hence the synonyms ËóèÁ¥ÖËä± \textit{z√†ngh√≥nghuƒÅ} [Tibetan-red-flower], Ë•øÁ¥ÖËä± \textit{xƒ´h√≥nghuƒÅ} [western-red-flower]",,,,,,,,,,,,,,,,,kleeman_oxford_2010,,,,,,,,yes,,,
,,,,,,,,,,,,,,,,,,,,,,,,,,,,,,,,,,,,,,,,,,,,,
1.0,yes,en,Sichuan pepper,,,,,English,,Sichuan pepper,,,,,,,,,,,,,,,,,,,,,,,,,,,,,,,,,,,
,,,,,,,,,,,,,,,,,,,,,,,,,,,,,,,,,,,,,,,,,,,,,
1.0,yes,en,fagara,,,,,English,,fagara,,,,,,,,,,,,,,,,,,,,,,,,,,,,,,,,,,,
2.0,yes,en,fagara,,,,,Medieval Latin,,fagara,,,,,Sichuan pepper?; cubeb?,Sichuan pepper?; cubeb?,translingual word from scientific Latin; coined by European botanists reading Avicenna (cf. da Orta),,,,,,,,,16,16,,,,,,,,,,,,,,,,,,
3.0,yes,en,fagara,,,,,Arabic,ŸÅÿßÿ∫ÿ±ÿ©,fƒÅghira,,,,,,,,,,,,,,,,,,,,,,,,,,,,,,,,,,,
4.0,yes,en,fagara,,,yes,,Persian,,fƒÅkhira,,,,,,,,,,,,,,,,,,,,,,,,,,,,,,,,,,,
,,,,,,,,,,,,,,,,,,,,,,,,,,,,,,,,,,,,,,,,,,,,,
1.0,yes,ar,fulful sitshuwan,,,,,Arabic,ŸÅŸÑŸÅŸÑ ÿ≥Ÿäÿ™ÿ¥ŸàÿßŸÜ,fulful sƒ´tshuwƒÅn,,,,,,Sichuan pepper,,,,,,,,,,,,,,,,,,,,,,,,,,,,,
,,,,,,,,,,,,,,,,,,,,,,,,,,,,,,,,,,,,,,,,,,,,,
1.0,yes,zh,huajiao,,,,,Mandarin Chinese,Ëä±Ê§í,huƒÅ‚ÄãjiƒÅo,,,,flower-pepper,,Sichuan pepper,,,,,,,,,,,,,,,,,,,,,,,,,,,,,
,,,,,,,,,,,,,,,,,,,,,,,,,,,,,,,,,,,,,,,,,,,,,
1.0,yes,en,star anise,,,,,English,,star anise,,,,,,star anise,,,,,,,,,,,,,,,,,,,,,,,,,,,,,
,,,,,,,,,,,,,,,,,,,,,,,,,,,,,,,,,,,,,,,,,,,,,
1.0,yes,ar,yansun najmi,,,,,Arabic,ŸäŸÜÿ≥ŸàŸÜ ŸÜÿ¨ŸÖŸä,yans≈´n najmƒ´,,,,,,star anise,,,,,,,,,,,,,,,,,,,,,,,,,,,,,
,,,,,,,,,,,,,,,,,,,,,,,,,,,,,,,,,,,,,,,,,,,,,
1.0,yes,zh,bajiaohuixiang,,,,,Mandarin Chinese,ÂÖ´ËßíËå¥È¶ô,bƒÅji«éohu√≠xiƒÅng,,,,,,star anise,,,,,,,,,,,,,,,,,,,,,,,,,,,,,
,,,,,,,,,,,,,,,,,,,,,,,,,,,,,,,,,,,,,,,,,,,,,
1.0,yes,en,badian,,,,,English,,badian,,,,,star anise,star anise,,,,,,,,,,17,1693,,,,,,,oed,https://www.oed.com/view/Entry/14568,,,,,,,,,,
2.0,yes,en,badian,,,,,French,,badiane,,,,,star anise,star anise,,,,,,,,,,17,1681,,,,,,,tlfi,https://www.cnrtl.fr/etymologie/badiane,,,,,,,,,,
3.0,yes,en,badian,,,,,Persian,ÿ®ÿßÿØ€åÿßŸÜ,bƒÅdyƒÅn,,,,,fennel; anise,fennel; anise,,,,,,,,,,,,,,,,,,[140]{steingass_comprehensive_1892}[197]{hayyim_new_1934},https://dsal.uchicago.edu/cgi-bin/app/steingass_query.py?qs=%D8%A8%D8%A7%D8%AF%DB%8C%D8%A7%D9%86&matchtype=default,,,https://dsal.uchicago.edu/cgi-bin/app/steingass_query.py?qs=%D8%A8%D8%A7%D8%AF%DB%8C%D8%A7%D9%86&matchtype=default,,,https://dsal.uchicago.edu/cgi-bin/app/hayyim_query.py?qs=%D8%A8%D8%A7%D8%AF%DB%8C%D8%A7%D9%86&matchtype=default,,,,
5.0,yes,en,badian,,yes,yes,,Mandarin Chinese,ÂÖ´Ëßí,bƒÅji«éo,,,,eight-horns,star anise,star anise,"unlikely, undocumented",,,,,,,,,,,,,,,,,,,,,,,,,,,,
,,,,,,,,,,,,,,,,,,,,,,,,,,,,,,,,,,,,,,,,,,,,,
1.0,yes,en,turmeric,,,,,English,,turmeric,,,,,,turmeric,obscure origin,by alteration of earlier forms,Middle English \textit{turmeryte},,,,,,,16,1545,,,,,,turmeric,OED,,turmeric,OE,https://www.etymonline.com/word/turmeric,,,,,,,
2.0,yes,en,turmeric,,,yes,akin to,French,,terre m√©rite,,,,worthy earth,saffron,saffron,,,,,,,,,,17,17,,,,,,turmeric,OE,https://www.etymonline.com/word/turmeric,,,,,,,,,,
3.0,yes,en,turmeric,,,yes,and,Medieval Latin,,terra merita,,,,deserved earth,id.,turmeric,,,,,,,,,,16,16,,,,,,,guthrie_trade-language_2009,,,,,,,,,,,
4.0,yes,en,turmeric,,,yes,,Arabic,,kurkum,,,,,turmeric; saffron,turmeric; saffron,maybe a folk-etymological corruption,,,,,,,,,,,,,,,,789,klein_comprehensive_1971,,,,,,,,,,,
,,,,,,,,,,,,,,,,,,,,,,,,,,,,,,,,,,,,,,,,,,,,,
1.0,yes,ar,kurkum,,,,,Arabic,ŸÉÿ±ŸÉŸÖ,kurkum,,,,,,turmeric; saffron,,,,Hebrew \he{◊õ÷∑÷º◊®÷∞◊õ÷π÷º◊ï◊ù} \textit{karkom}; Aramaic \he{◊õ÷º◊ï÷º◊®÷∞◊õ÷∞÷º◊û÷∏◊ê‚Äé}/\sy{‹ü‹Ω‹ò‹™‹ü‹°‹≥‹ê‚Äé} \textit{kurkmƒÅ}; Akkadian \cu{íåëíÜ™íÑÄíÜ∏íàæ} \textit{kurkan≈´},,,,,,,,,,,,,kwrkm,cal,https://cal.huc.edu/oneentry.php?lemma=kwrkm+N&cits=all,,,,,,,,,,
2.0,yes,ar,kurkum,,,yes,,Sanskrit,‡§ï‡•Å‡§ô‡•ç‡§ï‡•Å‡§Æ ,ku·πÖkuma,,,,,,saffron,,,,,,,"according to Guthrie (2009), Sanskrit is a loanword",,,,,,,,,,,guthrie_trade-language_2009,,,,,,,,,,,
,,,,,,,,,,,,,,,,,,,,,,,,,,,,,,,,,,,,,,,,,,,,,
1.0,yes,zh,jianghuang,,,,,Mandarin Chinese,ËñëÈªÉ,jiƒÅnghu√°ng,,,,,,turmeric,\textit{jiang} `ginger' + \textit{huang} `yellow',,,,,,,,,,,,,,,,856,kleeman_oxford_2010,,,,,,,,,,,
,,,,,,,,,,,,,,,,,,,,,,,,,,,,,,,,,,,,,,,,,,,,,
1.0,yes,en,vanilla,,,,,English,,vanilla ,,vaynilla,,,,,,,,,,,,yes,,17,1662,,,,,,vanilla,oed,https://www.oed.com/view/Entry/221377,,Etymonline,https://www.etymonline.com/word/vanilla,,,,yes,,,
2.0,yes,en,vanilla,,,,,Spanish,,vainilla,,vaynilla,,"little sheath, little pod",id.,id.,"from \textit{vaina/va√≠na} `scabbard, sheath; pod, husk' + \textit{-illa} diminutive suffix",,,,,,,,yes,16,1555,,,,,,,[538]{gomez_de_silva_elseviers_1985}[596]{corominas_breve_1987},,,Collins,https://www.collinsdictionary.com/dictionary/spanish-english/vainilla,,"G√≥mez de Silva, 1985 p. 538",https://www.collinsdictionary.com/dictionary/spanish-english/vaina,yes,,,
4.0,yes,en,vanilla,,,,,Latin,,vƒÅgƒ´na,,,,,"scabbard, sheath; covering, holder of anything","scabbard, sheath; covering, holder of anything","esp. husks that enclose an ear of grain; also by anatomical figurative sense, origin of vagina",,,,,,,,,,,,,,,,vƒÅgƒ´na,lewis_latin_1879,,,Lewis & Short,http://www.perseus.tufts.edu/hopper/text?doc=Perseus%3Atext%3A1999.04.0059%3Aentry%3Dvagina,,,,yes,,,
,,,,,,,,,,,,,,,,,,,,,,,,,,,,,,,,,,,,,,,,,,,,,
1.0,yes,ar,faniliya,,,,,Arabic,ŸÅÿßŸÜŸäŸÑŸäÿßÿå ŸÅÿßŸÜŸäŸÑÿß,"fƒÅnƒ´liyƒÅ, fƒÅnƒ´llƒÅ",,,,,vanilla,vanilla,,"no /v/ sound in arabic, rendered with /f/ or /w/",,,,,also \textit{wanƒ´liyya},yes,,?,?,,,,,,814,baalbaki_-mawrid_1995,,,,,,,,yes,,,
2.0,yes,ar,faniliya,,,yes,,French,,vanilia,,,,,id.,vanilla,,,,,,,,,,,,,,,,,,,,,,,,,,,,,
,,,,,,,,,,,,,,,,,,,,,,,,,,,,,,,,,,,,,,,,,,,,,
1.0,yes,zh,xiangcao,,,,,Mandarin Chinese,È¶ôËçâ,xiƒÅngc«éo,,,,fragrant-grass,vanilla,vanilla,,also Cantonese Èõ≤Âë¢Êãø \textit{wan4 nei1 laa4-2},,,,,,,,?,?,,,,,,,mdbg,,,kleeman_oxford_2010,,,,,yes,,,
